pdf_path,page_no,success,processing_time,error,timestamp
,0,False,0.00,,2025-10-09T11:36:01.227770
G:\.shortcut-targets-by-id\1VhQSilnVXpZtOWwAtGF6_s1zhfBIlLWU\Secondary Sources\Text References\Keilschriftbibliographie (1)\Keibi67-Band 67 (2008).pdf,69,True,0.89,,2025-10-09T11:36:02.373785
G:\.shortcut-targets-by-id\1VhQSilnVXpZtOWwAtGF6_s1zhfBIlLWU\Secondary Sources\AKT 7a.pdf,154,True,11.51,,2025-10-09T11:36:13.885414
"G:\.shortcut-targets-by-id\1VhQSilnVXpZtOWwAtGF6_s1zhfBIlLWU\Secondary Sources\Özgüç, Nımet - Kültepe Kanıš, Neša. Seal Impressions on the Clay Envelopes. TTKY V 50, 2006 (big).pdf",234,True,14.44,,2025-10-09T11:36:28.325153
"G:\.shortcut-targets-by-id\1VhQSilnVXpZtOWwAtGF6_s1zhfBIlLWU\Secondary Sources\Faist, Betina - Der Fernhandel des assyrischen Reiches. AOAT 265, 2001.pdf",361,True,1.45,,2025-10-09T11:36:29.775902
"G:\.shortcut-targets-by-id\1VhQSilnVXpZtOWwAtGF6_s1zhfBIlLWU\Secondary Sources\Teissier - Sealings, 1994.pdf",134,True,16.91,,2025-10-09T11:36:46.692015
"G:\.shortcut-targets-by-id\1VhQSilnVXpZtOWwAtGF6_s1zhfBIlLWU\Secondary Sources\Günbatti, Cahit - Die Beziehungen zwischen assyrischen Kaufleuten und anatolischen Fürsten aus Kültepe. CDOG 8, 2008 125-136.pdf",6,True,0.30,,2025-10-09T11:36:46.996163
G:\.shortcut-targets-by-id\1VhQSilnVXpZtOWwAtGF6_s1zhfBIlLWU\Secondary Sources\arm6000.PDF,12,True,10.07,,2025-10-09T11:36:57.065597
G:\.shortcut-targets-by-id\1VhQSilnVXpZtOWwAtGF6_s1zhfBIlLWU\Secondary Sources\CAD (A-N).pdf,2933,True,171.51,,2025-10-09T11:39:48.573018
G:\.shortcut-targets-by-id\1VhQSilnVXpZtOWwAtGF6_s1zhfBIlLWU\Secondary Sources\Michel_2008_MDargaA.pdf,18,True,14.43,,2025-10-09T11:40:03.006008
G:\.shortcut-targets-by-id\1VhQSilnVXpZtOWwAtGF6_s1zhfBIlLWU\Secondary Sources\ANADOLUNUN_ONSOZU_KULTEPE_KANIS-libre.pdf,122,True,16.24,,2025-10-09T11:40:19.250007
G:\.shortcut-targets-by-id\1VhQSilnVXpZtOWwAtGF6_s1zhfBIlLWU\Secondary Sources\p3_s_a.pdf,42,True,0.30,,2025-10-09T11:40:19.549195
G:\.shortcut-targets-by-id\1VhQSilnVXpZtOWwAtGF6_s1zhfBIlLWU\Secondary Sources\Bilgic_1954_Einheimischen(2).PDF,58,True,2.26,,2025-10-09T11:40:21.814865
"G:\.shortcut-targets-by-id\1VhQSilnVXpZtOWwAtGF6_s1zhfBIlLWU\Secondary Sources\AnSt 7, 1957.pdf",39,True,2.76,,2025-10-09T11:40:24.577178
G:\.shortcut-targets-by-id\1VhQSilnVXpZtOWwAtGF6_s1zhfBIlLWU\Secondary Sources\LeGrain PBS 13.pdf,123,True,3.53,,2025-10-09T11:40:28.103587
G:\.shortcut-targets-by-id\1VhQSilnVXpZtOWwAtGF6_s1zhfBIlLWU\Secondary Sources\NABU (missing 1999 no.2).pdf,730,True,15.05,,2025-10-09T11:40:43.150003
"G:\.shortcut-targets-by-id\1VhQSilnVXpZtOWwAtGF6_s1zhfBIlLWU\Secondary Sources\Soldt, W.H. van ed. - Veenhof Anniversary Volume. PIHANS 89, 2001.pdf",76,True,1.06,,2025-10-09T11:40:44.211385
"G:\.shortcut-targets-by-id\1VhQSilnVXpZtOWwAtGF6_s1zhfBIlLWU\Secondary Sources\Dercksen, J. G. ed - Anatolia and the Jazira During the Old Assyrian Period. PIHANS 111, 2008 (2).pdf",62,True,0.65,,2025-10-09T11:40:44.864891
G:\.shortcut-targets-by-id\1VhQSilnVXpZtOWwAtGF6_s1zhfBIlLWU\Secondary Sources\NABU (missing 1999 no.2) (2).pdf,85,True,16.17,,2025-10-09T11:41:01.036211
G:\.shortcut-targets-by-id\1VhQSilnVXpZtOWwAtGF6_s1zhfBIlLWU\Secondary Sources\NABU (missing 1999 no.2) (2).pdf,1112,True,15.37,,2025-10-09T11:41:16.404520
G:\.shortcut-targets-by-id\1VhQSilnVXpZtOWwAtGF6_s1zhfBIlLWU\Secondary Sources\momrak.pdf,168,True,0.47,,2025-10-09T11:41:16.877389
"G:\.shortcut-targets-by-id\1VhQSilnVXpZtOWwAtGF6_s1zhfBIlLWU\Secondary Sources\Veenhof, Klaas R. - The Archive of Kuliya, Son of Ali-abum (Kt. 92-k 188-263). TTKY VI, AKT 5, 2008 (preprint).pdf",23,True,1.61,,2025-10-09T11:41:18.490795
G:\.shortcut-targets-by-id\1VhQSilnVXpZtOWwAtGF6_s1zhfBIlLWU\Secondary Sources\Kt c-k (Dercksen).pdf,102,True,0.41,,2025-10-09T11:41:18.906028
"G:\.shortcut-targets-by-id\1VhQSilnVXpZtOWwAtGF6_s1zhfBIlLWU\Secondary Sources\ICK 4 (Prag), 1998.pdf",30,True,23.01,,2025-10-09T11:41:41.918953
G:\.shortcut-targets-by-id\1VhQSilnVXpZtOWwAtGF6_s1zhfBIlLWU\Secondary Sources\Melchert-CANE.pdf,9,True,12.30,,2025-10-09T11:41:54.223269
"G:\.shortcut-targets-by-id\1VhQSilnVXpZtOWwAtGF6_s1zhfBIlLWU\Secondary Sources\GKT, 1968.pdf",215,True,1.32,,2025-10-09T11:41:55.547566
G:\.shortcut-targets-by-id\1VhQSilnVXpZtOWwAtGF6_s1zhfBIlLWU\Secondary Sources\Yilmaz_2007_mahkeme kayitlari ile ilgili.PDF,6,True,12.36,,2025-10-09T11:42:07.909608
G:\.shortcut-targets-by-id\1VhQSilnVXpZtOWwAtGF6_s1zhfBIlLWU\Secondary Sources\Hertel_2013_OAAS6_OA legal practices.pdf,455,True,0.63,,2025-10-09T11:42:08.544713
G:\.shortcut-targets-by-id\1VhQSilnVXpZtOWwAtGF6_s1zhfBIlLWU\Secondary Sources\CAD (N-Z).pdf,365,True,21.79,,2025-10-09T11:42:30.338282
"G:\.shortcut-targets-by-id\1VhQSilnVXpZtOWwAtGF6_s1zhfBIlLWU\Secondary Sources\AnSt 42, 1992.pdf",26,True,81.12,,2025-10-09T11:43:51.455827
G:\.shortcut-targets-by-id\1VhQSilnVXpZtOWwAtGF6_s1zhfBIlLWU\Secondary Sources\AKT 6e.pdf,63,True,21.14,,2025-10-09T11:44:12.595085
G:\.shortcut-targets-by-id\1VhQSilnVXpZtOWwAtGF6_s1zhfBIlLWU\Secondary Sources\Roche_Prosopography_v2.pdf,78,True,12.74,,2025-10-09T11:44:25.331350
G:\.shortcut-targets-by-id\1VhQSilnVXpZtOWwAtGF6_s1zhfBIlLWU\Secondary Sources\hdo.PDF,8,True,16.42,,2025-10-09T11:44:41.748502
"G:\.shortcut-targets-by-id\1VhQSilnVXpZtOWwAtGF6_s1zhfBIlLWU\Secondary Sources\Laurea, Tesi di - Aspetti storico-religiosi nell'onomastica paleoassira 831684-1157658.pdf",636,True,1.47,,2025-10-09T11:44:43.221112
"G:\.shortcut-targets-by-id\1VhQSilnVXpZtOWwAtGF6_s1zhfBIlLWU\Secondary Sources\Strobel, Karl ed. - New Perspectives on the Historical Geography and Topography of Anatolia in the II and I Mill. B.C. Eothen 16, 2008.PDF",188,True,12.67,,2025-10-09T11:44:55.895979
G:\.shortcut-targets-by-id\1VhQSilnVXpZtOWwAtGF6_s1zhfBIlLWU\Secondary Sources\BookScanCenter.pdf,5,True,1.96,,2025-10-09T11:44:57.860483
"G:\.shortcut-targets-by-id\1VhQSilnVXpZtOWwAtGF6_s1zhfBIlLWU\Secondary Sources\TC 2, 1928.pdf",13,True,11.93,,2025-10-09T11:45:09.792919
G:\.shortcut-targets-by-id\1VhQSilnVXpZtOWwAtGF6_s1zhfBIlLWU\Secondary Sources\PRU III combined.pdf,351,True,13.83,,2025-10-09T11:45:23.626424
G:\.shortcut-targets-by-id\1VhQSilnVXpZtOWwAtGF6_s1zhfBIlLWU\Secondary Sources\Sanders_2006_OIS2_Margins_Writing.pdf,113,True,1.55,,2025-10-09T11:45:25.173709
G:\.shortcut-targets-by-id\1VhQSilnVXpZtOWwAtGF6_s1zhfBIlLWU\Secondary Sources\Kouwenberg_2017_GOA_HdO118.pdf,512,True,1.19,,2025-10-09T11:45:26.366796
G:\.shortcut-targets-by-id\1VhQSilnVXpZtOWwAtGF6_s1zhfBIlLWU\Secondary Sources\yakubovich_diss_2008.pdf,180,True,0.47,,2025-10-09T11:45:26.841046
G:\.shortcut-targets-by-id\1VhQSilnVXpZtOWwAtGF6_s1zhfBIlLWU\Secondary Sources\CAD (A-N).pdf,365,True,1.01,,2025-10-09T11:45:27.856609
G:\.shortcut-targets-by-id\1VhQSilnVXpZtOWwAtGF6_s1zhfBIlLWU\Secondary Sources\rgtc02.pdf,141,True,2.89,,2025-10-09T11:45:30.742820
G:\.shortcut-targets-by-id\1VhQSilnVXpZtOWwAtGF6_s1zhfBIlLWU\Secondary Sources\Text References\AfO Register\afo_realien.pdf,2987,True,4.26,,2025-10-09T11:45:35.004895
G:\.shortcut-targets-by-id\1VhQSilnVXpZtOWwAtGF6_s1zhfBIlLWU\Secondary Sources\AKT 6d.pdf,36,True,27.64,,2025-10-09T11:46:02.647624
"G:\.shortcut-targets-by-id\1VhQSilnVXpZtOWwAtGF6_s1zhfBIlLWU\Secondary Sources\AnSt 52, 2002.pdf",80,True,3.90,,2025-10-09T11:46:06.549708
G:\.shortcut-targets-by-id\1VhQSilnVXpZtOWwAtGF6_s1zhfBIlLWU\Secondary Sources\astour1995.PDF,5,True,20.19,,2025-10-09T11:46:26.744512
G:\.shortcut-targets-by-id\1VhQSilnVXpZtOWwAtGF6_s1zhfBIlLWU\Secondary Sources\Michel_2009_Bottero.pdf,5,True,0.51,,2025-10-09T11:46:27.254796
"G:\.shortcut-targets-by-id\1VhQSilnVXpZtOWwAtGF6_s1zhfBIlLWU\Secondary Sources\Neu, E. & C. Ruster eds - Documentum Asiae Minoris Antiquae. FS Otten zum 75. Geburtstag, 1988.pdf",228,True,12.14,,2025-10-09T11:46:39.397408
"G:\.shortcut-targets-by-id\1VhQSilnVXpZtOWwAtGF6_s1zhfBIlLWU\Secondary Sources\Eisser, G. & Lewy, J. - Die Altassyrischen Rechtsurkunden von Kültepe, Teil 1 und 2. MVAG 33, 1930.pdf",273,True,3.86,,2025-10-09T11:46:43.258966
"G:\.shortcut-targets-by-id\1VhQSilnVXpZtOWwAtGF6_s1zhfBIlLWU\Secondary Sources\Özgüç, Nımet - Kültepe-Kanıš, Neša. Seal Impressions on the Clay Envelopes. TTKY V 50, 2006.pdf",76,True,13.07,,2025-10-09T11:46:56.332114
"G:\.shortcut-targets-by-id\1VhQSilnVXpZtOWwAtGF6_s1zhfBIlLWU\Secondary Sources\Albayrak, İrfan - 1963 yili kazilarinda ele geçen yerlı halkla ılgılı bır kültepe tabletı. UHKB 5, 2005 21-32.pdf",12,True,1.76,,2025-10-09T11:46:58.091501
G:\.shortcut-targets-by-id\1VhQSilnVXpZtOWwAtGF6_s1zhfBIlLWU\Secondary Sources\CAD (A-N).pdf,597,True,1.01,,2025-10-09T11:46:59.105200
G:\.shortcut-targets-by-id\1VhQSilnVXpZtOWwAtGF6_s1zhfBIlLWU\Secondary Sources\Scheil_1909_RT31_nouvelles.pdf,1,True,18.80,,2025-10-09T11:47:17.910624
G:\.shortcut-targets-by-id\1VhQSilnVXpZtOWwAtGF6_s1zhfBIlLWU\Secondary Sources\KUB 6.pdf,29,True,14.08,,2025-10-09T11:47:31.993948
"G:\.shortcut-targets-by-id\1VhQSilnVXpZtOWwAtGF6_s1zhfBIlLWU\Secondary Sources\Michel C.- Old Assyrian Bibliography (OAAS 1 -PIHANS 97, 2003) (OCR).pdf",86,True,0.68,,2025-10-09T11:47:32.679287
G:\.shortcut-targets-by-id\1VhQSilnVXpZtOWwAtGF6_s1zhfBIlLWU\Secondary Sources\Hirsch_1972_Or41_zum_altassyrischen.pdf,17,True,22.54,,2025-10-09T11:47:55.216592
"G:\.shortcut-targets-by-id\1VhQSilnVXpZtOWwAtGF6_s1zhfBIlLWU\Secondary Sources\Özgüç, Nımet - Kanış Karumu Ib Kati. Seals and Seal Impressions of Lebel Ib from Karum Kanish. TTKY V 25, 1968.pdf",100,True,11.14,,2025-10-09T11:48:06.356237
G:\.shortcut-targets-by-id\1VhQSilnVXpZtOWwAtGF6_s1zhfBIlLWU\Secondary Sources\NABU (missing 1999 no.2) (1).pdf,1962,True,17.11,,2025-10-09T11:48:23.468595
G:\.shortcut-targets-by-id\1VhQSilnVXpZtOWwAtGF6_s1zhfBIlLWU\Secondary Sources\Albayrak_2002_ArAn5_listesi.pdf,4,True,0.97,,2025-10-09T11:48:24.443346
G:\.shortcut-targets-by-id\1VhQSilnVXpZtOWwAtGF6_s1zhfBIlLWU\Secondary Sources\Walthers KUB 14.pdf,39,True,13.96,,2025-10-09T11:48:38.401549
G:\.shortcut-targets-by-id\1VhQSilnVXpZtOWwAtGF6_s1zhfBIlLWU\Secondary Sources\NABU (missing 1999 no.2) (1).pdf,883,True,14.48,,2025-10-09T11:48:52.887592
G:\.shortcut-targets-by-id\1VhQSilnVXpZtOWwAtGF6_s1zhfBIlLWU\Secondary Sources\Polanyi_Trade_Market.pdf,29,True,13.31,,2025-10-09T11:49:06.201664
"G:\.shortcut-targets-by-id\1VhQSilnVXpZtOWwAtGF6_s1zhfBIlLWU\Secondary Sources\Porter, Barbara A. - Old Syrian Popular Style Cylinder Seals. Diss Columbia 2001.pdf",1065,True,34.62,,2025-10-09T11:49:40.823950
G:\.shortcut-targets-by-id\1VhQSilnVXpZtOWwAtGF6_s1zhfBIlLWU\Secondary Sources\KUB 19.pdf,49,True,16.21,,2025-10-09T11:49:57.039035
"G:\.shortcut-targets-by-id\1VhQSilnVXpZtOWwAtGF6_s1zhfBIlLWU\Secondary Sources\TCL 4, 1919.pdf",30,True,12.62,,2025-10-09T11:50:09.660448
G:\.shortcut-targets-by-id\1VhQSilnVXpZtOWwAtGF6_s1zhfBIlLWU\Secondary Sources\Olmstead_1942_JNES1_Aramaic_Gospel.pdf,10,True,10.83,,2025-10-09T11:50:20.495937
G:\.shortcut-targets-by-id\1VhQSilnVXpZtOWwAtGF6_s1zhfBIlLWU\Secondary Sources\Kouwenberg_2017_GOA_HdO118.pdf,452,True,1.25,,2025-10-09T11:50:21.743478
"G:\.shortcut-targets-by-id\1VhQSilnVXpZtOWwAtGF6_s1zhfBIlLWU\Secondary Sources\Michel, Cécile - Innāya dans les Tablettes Paléo-Assyriennes II, Edition des Textes. ERC 2, 1991.pdf",20,True,11.32,,2025-10-09T11:50:33.066662
G:\.shortcut-targets-by-id\1VhQSilnVXpZtOWwAtGF6_s1zhfBIlLWU\Secondary Sources\Text References\AfO Register\afo_realien.pdf,1728,True,1.15,,2025-10-09T11:50:34.219121
G:\.shortcut-targets-by-id\1VhQSilnVXpZtOWwAtGF6_s1zhfBIlLWU\Secondary Sources\HT.pdf,27,True,12.98,,2025-10-09T11:50:47.196511
G:\.shortcut-targets-by-id\1VhQSilnVXpZtOWwAtGF6_s1zhfBIlLWU\Secondary Sources\NABU 1987.1 - 4014.4.pdf,338,True,1.87,,2025-10-09T11:50:49.068174
G:\.shortcut-targets-by-id\1VhQSilnVXpZtOWwAtGF6_s1zhfBIlLWU\Secondary Sources\Abbreviations for AfO.pdf,46,True,1.39,,2025-10-09T11:50:50.460382
"G:\.shortcut-targets-by-id\1VhQSilnVXpZtOWwAtGF6_s1zhfBIlLWU\Secondary Sources\Veenhof, Klaas R. - The Old Assyrian Hamuštum Period. A Seven-Day Week. JEOL 34 1995-1996, pp. 4-41(cut).pdf",27,True,0.04,,2025-10-09T11:50:50.501470
"G:\.shortcut-targets-by-id\1VhQSilnVXpZtOWwAtGF6_s1zhfBIlLWU\Secondary Sources\Özgüç, Tashin - Kültepe-Kaniš. The Palaces and Temples of Kültepe-Kaniš. TTKY V 46, 1999(cut).pdf",179,True,11.97,,2025-10-09T11:51:02.469865
"G:\.shortcut-targets-by-id\1VhQSilnVXpZtOWwAtGF6_s1zhfBIlLWU\Secondary Sources\Faist, Betina - Der Fernhandel des assyrischen Reiches. AOAT 265, 2001.pdf",342,True,0.39,,2025-10-09T11:51:02.858502
"G:\.shortcut-targets-by-id\1VhQSilnVXpZtOWwAtGF6_s1zhfBIlLWU\Secondary Sources\Orlin, Louis L. - Assyrian Colonies in Cappadocia (ACC). SAH 1, 1970(cut).pdf",92,True,10.70,,2025-10-09T11:51:13.563102
G:\.shortcut-targets-by-id\1VhQSilnVXpZtOWwAtGF6_s1zhfBIlLWU\Secondary Sources\Bar-am_1935_Studies of business letters.pdf,26,True,2.87,,2025-10-09T11:51:16.437329
"G:\.shortcut-targets-by-id\1VhQSilnVXpZtOWwAtGF6_s1zhfBIlLWU\Secondary Sources\AnSt 45, 1995.pdf",184,True,4.54,,2025-10-09T11:51:20.974358
"G:\.shortcut-targets-by-id\1VhQSilnVXpZtOWwAtGF6_s1zhfBIlLWU\Secondary Sources\Özgüç, Tahsın - Kültepe Kazisi Raporu 1948. Ausgrabungen in Kültepe. TTKY V 10, 1950(cut).pdf",313,True,12.32,,2025-10-09T11:51:33.300334
"G:\.shortcut-targets-by-id\1VhQSilnVXpZtOWwAtGF6_s1zhfBIlLWU\Secondary Sources\Özgüç, Tashin - Kültepe-Kaniš. The Palaces and Temples of Kültepe-Kaniš. TTKY V 46, 1999(cut).pdf",10,True,12.79,,2025-10-09T11:51:46.095034
"G:\.shortcut-targets-by-id\1VhQSilnVXpZtOWwAtGF6_s1zhfBIlLWU\Secondary Sources\Veenhof, Klaas R. - The Archive of Kuliya, Son of Ali-abum (Kt. 92-k 188-263). TTKY VI, AKT 5, 2008 (preprint).pdf",132,True,0.37,,2025-10-09T11:51:46.465705
G:\.shortcut-targets-by-id\1VhQSilnVXpZtOWwAtGF6_s1zhfBIlLWU\Secondary Sources\CAD (N-Z).pdf,3489,True,3.26,,2025-10-09T11:51:49.722646
G:\.shortcut-targets-by-id\1VhQSilnVXpZtOWwAtGF6_s1zhfBIlLWU\Secondary Sources\NABU 1987.1 - 4014.4.pdf,2420,True,1.12,,2025-10-09T11:51:50.848233
G:\.shortcut-targets-by-id\1VhQSilnVXpZtOWwAtGF6_s1zhfBIlLWU\Secondary Sources\CAD (A-N).pdf,2426,True,4.62,,2025-10-09T11:51:55.467855
G:\.shortcut-targets-by-id\1VhQSilnVXpZtOWwAtGF6_s1zhfBIlLWU\Secondary Sources\KUB 7.pdf,36,True,13.07,,2025-10-09T11:52:08.537158
"G:\.shortcut-targets-by-id\1VhQSilnVXpZtOWwAtGF6_s1zhfBIlLWU\Secondary Sources\AnSt 25, 1975.pdf",13,True,3.24,,2025-10-09T11:52:11.782355
"G:\.shortcut-targets-by-id\1VhQSilnVXpZtOWwAtGF6_s1zhfBIlLWU\Secondary Sources\AOATT, 1972.pdf",230,True,5.34,,2025-10-09T11:52:17.118657
"G:\.shortcut-targets-by-id\1VhQSilnVXpZtOWwAtGF6_s1zhfBIlLWU\Secondary Sources\Veenhof, Klaas R. - The Relation between Royal Decrees and Law Codes of the Old Babylonian Period. JEOL 35-36, 1997-00 49-83.pdf",18,True,0.50,,2025-10-09T11:52:17.620598
G:\.shortcut-targets-by-id\1VhQSilnVXpZtOWwAtGF6_s1zhfBIlLWU\Secondary Sources\NABU 1987.1 - 4014.4.pdf,2960,True,1.58,,2025-10-09T11:52:19.203922
G:\.shortcut-targets-by-id\1VhQSilnVXpZtOWwAtGF6_s1zhfBIlLWU\Secondary Sources\Hoffner_hoff_trin.PDF,7,True,18.22,,2025-10-09T11:52:37.422435
G:\.shortcut-targets-by-id\1VhQSilnVXpZtOWwAtGF6_s1zhfBIlLWU\Secondary Sources\Text References\AfO Register\afo_realien.pdf,950,True,1.10,,2025-10-09T11:52:38.524958
G:\.shortcut-targets-by-id\1VhQSilnVXpZtOWwAtGF6_s1zhfBIlLWU\Secondary Sources\malkin2002.PDF,2,True,17.78,,2025-10-09T11:52:56.310905
G:\.shortcut-targets-by-id\1VhQSilnVXpZtOWwAtGF6_s1zhfBIlLWU\Secondary Sources\Schorr_Urkunden_Altbabylonischen_Zivil_und_Prozessrechts.pdf,383,True,1.04,,2025-10-09T11:52:57.353624
G:\.shortcut-targets-by-id\1VhQSilnVXpZtOWwAtGF6_s1zhfBIlLWU\Secondary Sources\Vorys_Canby_1975_JNES34_WAG_tablet.pdf,9,True,15.07,,2025-10-09T11:53:12.421783
G:\.shortcut-targets-by-id\1VhQSilnVXpZtOWwAtGF6_s1zhfBIlLWU\Secondary Sources\Rawlinson_Inscr_West_Asia_v4.PDF,34,True,18.30,,2025-10-09T11:53:30.724039
G:\.shortcut-targets-by-id\1VhQSilnVXpZtOWwAtGF6_s1zhfBIlLWU\Secondary Sources\NABU (missing 1999 no.2).pdf,228,True,16.83,,2025-10-09T11:53:47.550624
"G:\.shortcut-targets-by-id\1VhQSilnVXpZtOWwAtGF6_s1zhfBIlLWU\Secondary Sources\AnSt 37, 1987.pdf",110,True,5.64,,2025-10-09T11:53:53.189850
"G:\.shortcut-targets-by-id\1VhQSilnVXpZtOWwAtGF6_s1zhfBIlLWU\Secondary Sources\Walker, C. & M. Dick - The Induction of the Cult Image in Ancient Mesopotamia. The Mesopotamian Mis Pi Ritual. SAALT 1, 2001.pdf",162,True,7.74,,2025-10-09T11:54:00.928502
"G:\.shortcut-targets-by-id\1VhQSilnVXpZtOWwAtGF6_s1zhfBIlLWU\Secondary Sources\Erkanal, Armagan - Die in Anatolien vorkommenden altsyrischen Siegel und Siegelabdrucke. TTKY VI 42, 1993.pdf",299,True,392.81,,2025-10-09T12:00:33.740269
"G:\.shortcut-targets-by-id\1VhQSilnVXpZtOWwAtGF6_s1zhfBIlLWU\Secondary Sources\Landsberger, Benno - Assyrische Handelskolonien in Kleinasien aus dem dritten Jahrtausend (AHK). 1925(cut).pdf",16,True,10.88,,2025-10-09T12:00:44.620408
"G:\.shortcut-targets-by-id\1VhQSilnVXpZtOWwAtGF6_s1zhfBIlLWU\Secondary Sources\Lassen, Agnete - Glyptic Encounters Appendicies.pdf",165,True,4.73,,2025-10-09T12:00:49.350476
G:\.shortcut-targets-by-id\1VhQSilnVXpZtOWwAtGF6_s1zhfBIlLWU\Secondary Sources\virolleaud1936.PDF,16,True,11.35,,2025-10-09T12:01:00.698965
G:\.shortcut-targets-by-id\1VhQSilnVXpZtOWwAtGF6_s1zhfBIlLWU\Secondary Sources\KBo 20.pdf,61,True,16.59,,2025-10-09T12:01:17.294747
"G:\.shortcut-targets-by-id\1VhQSilnVXpZtOWwAtGF6_s1zhfBIlLWU\Secondary Sources\Özgüç, Tahsın - Kültepe Kazisi Raporu 1948. Ausgrabungen in Kültepe. TTKY V 10, 1950(cut).pdf",101,True,16.78,,2025-10-09T12:01:34.078099
"G:\.shortcut-targets-by-id\1VhQSilnVXpZtOWwAtGF6_s1zhfBIlLWU\Secondary Sources\AAA 1-2, 1908-9.pdf",363,True,8.71,,2025-10-09T12:01:42.792014
G:\.shortcut-targets-by-id\1VhQSilnVXpZtOWwAtGF6_s1zhfBIlLWU\Secondary Sources\NABU (missing 1999 no.2) (2).pdf,1596,True,15.23,,2025-10-09T12:01:58.018735
"G:\.shortcut-targets-by-id\1VhQSilnVXpZtOWwAtGF6_s1zhfBIlLWU\Secondary Sources\Text References\AfO Register\AfO - Assyriologie, Register (1978-2004).pdf",436,True,0.75,,2025-10-09T12:01:58.765805
"G:\.shortcut-targets-by-id\1VhQSilnVXpZtOWwAtGF6_s1zhfBIlLWU\Secondary Sources\Lewy, Julius - Die Altassyrischen Rechtsurkunden vom Kultepe 1-2. Teil. MVAO 33, 1930.pdf",98,True,1.04,,2025-10-09T12:01:59.802336
"G:\.shortcut-targets-by-id\1VhQSilnVXpZtOWwAtGF6_s1zhfBIlLWU\Secondary Sources\ACC, 1970.pdf",199,True,3.97,,2025-10-09T12:02:03.768659
G:\.shortcut-targets-by-id\1VhQSilnVXpZtOWwAtGF6_s1zhfBIlLWU\Secondary Sources\Yener_2005_OIP131_Amuq_Reg_Proj.pdf,72,True,3.05,,2025-10-09T12:02:06.820967
G:\.shortcut-targets-by-id\1VhQSilnVXpZtOWwAtGF6_s1zhfBIlLWU\Secondary Sources\KAH 1 (1911) & 2 (1922).pdf,22,True,1.01,,2025-10-09T12:02:07.832952
G:\.shortcut-targets-by-id\1VhQSilnVXpZtOWwAtGF6_s1zhfBIlLWU\Secondary Sources\Melchert_LUVLEX.pdf,288,True,2.60,,2025-10-09T12:02:10.432356
G:\.shortcut-targets-by-id\1VhQSilnVXpZtOWwAtGF6_s1zhfBIlLWU\Secondary Sources\Albayrak_2005_JEOL39_5urkunden.PDF,5,True,2.47,,2025-10-09T12:02:12.906879
"G:\.shortcut-targets-by-id\1VhQSilnVXpZtOWwAtGF6_s1zhfBIlLWU\Secondary Sources\AAA 1-2, 1908-9.pdf",137,True,2.01,,2025-10-09T12:02:14.914144
G:\.shortcut-targets-by-id\1VhQSilnVXpZtOWwAtGF6_s1zhfBIlLWU\Secondary Sources\kupper1973 (1).PDF,10,True,16.42,,2025-10-09T12:02:31.332982
"G:\.shortcut-targets-by-id\1VhQSilnVXpZtOWwAtGF6_s1zhfBIlLWU\Secondary Sources\AnSt 34, 1984.pdf",5,True,3.65,,2025-10-09T12:02:34.987906
G:\.shortcut-targets-by-id\1VhQSilnVXpZtOWwAtGF6_s1zhfBIlLWU\Secondary Sources\klengel1969.PDF,2,True,19.60,,2025-10-09T12:02:54.587315
"G:\.shortcut-targets-by-id\1VhQSilnVXpZtOWwAtGF6_s1zhfBIlLWU\Secondary Sources\ICK 2, 1962.pdf",139,True,0.84,,2025-10-09T12:02:55.427176
G:\.shortcut-targets-by-id\1VhQSilnVXpZtOWwAtGF6_s1zhfBIlLWU\Secondary Sources\pardee1978d (3).PDF,2,True,14.94,,2025-10-09T12:03:10.367210
"G:\.shortcut-targets-by-id\1VhQSilnVXpZtOWwAtGF6_s1zhfBIlLWU\Secondary Sources\Anatolica 28, 2002.pdf",66,True,20.79,,2025-10-09T12:03:31.156013
G:\.shortcut-targets-by-id\1VhQSilnVXpZtOWwAtGF6_s1zhfBIlLWU\Secondary Sources\Dercksen 2004 Old Assyrian Institutions PIHANS-98.pdf,115,True,1.66,,2025-10-09T12:03:32.812606
"G:\.shortcut-targets-by-id\1VhQSilnVXpZtOWwAtGF6_s1zhfBIlLWU\Secondary Sources\Michel C.- Old Assyrian Bibliography (OAAS 1 -PIHANS 97, 2003) (OCR).pdf",103,True,0.65,,2025-10-09T12:03:33.463110
"G:\.shortcut-targets-by-id\1VhQSilnVXpZtOWwAtGF6_s1zhfBIlLWU\Secondary Sources\Marzahn, J & Salje, B. eds. - Wiedererstehendes Assur. 100 Jahre deutsche Ausgrabungen in Assyrien. 2003.pdf",181,True,2.49,,2025-10-09T12:03:35.953379
G:\.shortcut-targets-by-id\1VhQSilnVXpZtOWwAtGF6_s1zhfBIlLWU\Secondary Sources\parry1999.PDF,50,True,13.36,,2025-10-09T12:03:49.319095
"G:\.shortcut-targets-by-id\1VhQSilnVXpZtOWwAtGF6_s1zhfBIlLWU\Secondary Sources\AnSt 13, 1963.pdf",96,True,5.73,,2025-10-09T12:03:55.050071
G:\.shortcut-targets-by-id\1VhQSilnVXpZtOWwAtGF6_s1zhfBIlLWU\Secondary Sources\Bayram_1996_Bel229_slavery.pdf,9,True,15.27,,2025-10-09T12:04:10.323955
G:\.shortcut-targets-by-id\1VhQSilnVXpZtOWwAtGF6_s1zhfBIlLWU\Secondary Sources\Saskova_K_ed_Climb_the_Wall_of_Uruk_Essa.pdf,35,True,1.03,,2025-10-09T12:04:11.351735
G:\.shortcut-targets-by-id\1VhQSilnVXpZtOWwAtGF6_s1zhfBIlLWU\Secondary Sources\ANATOLIAS_PROLOGUE_KULTEPE_KANESH_KARUM.pdf,302,True,23.51,,2025-10-09T12:04:34.859401
"G:\.shortcut-targets-by-id\1VhQSilnVXpZtOWwAtGF6_s1zhfBIlLWU\Secondary Sources\POAT, 1983.pdf",11,True,15.31,,2025-10-09T12:04:50.168534
"G:\.shortcut-targets-by-id\1VhQSilnVXpZtOWwAtGF6_s1zhfBIlLWU\Secondary Sources\AnSt 41, 1991.pdf",241,True,135.35,,2025-10-09T12:07:05.516030
G:\.shortcut-targets-by-id\1VhQSilnVXpZtOWwAtGF6_s1zhfBIlLWU\Secondary Sources\AKT 7b.pdf,447,True,126.49,,2025-10-09T12:09:12.012021
"G:\.shortcut-targets-by-id\1VhQSilnVXpZtOWwAtGF6_s1zhfBIlLWU\Secondary Sources\CTTMA 1, 1988.pdf",75,True,3.45,,2025-10-09T12:09:15.462792
"G:\.shortcut-targets-by-id\1VhQSilnVXpZtOWwAtGF6_s1zhfBIlLWU\Secondary Sources\Anatolica 30, 2004.pdf",193,True,70.06,,2025-10-09T12:10:25.523695
G:\.shortcut-targets-by-id\1VhQSilnVXpZtOWwAtGF6_s1zhfBIlLWU\Secondary Sources\Cayır_208_Six Docum. Contain. Decisions; Fs. Garelli.pdf,4,True,188.30,,2025-10-09T12:13:33.825026
"G:\.shortcut-targets-by-id\1VhQSilnVXpZtOWwAtGF6_s1zhfBIlLWU\Secondary Sources\Michel, Cécile - Innāya dans les Tablettes Paléo-Assyriennes I, Analyse. ERC 1, 1991.pdf",267,True,11.10,,2025-10-09T12:13:44.930660
"G:\.shortcut-targets-by-id\1VhQSilnVXpZtOWwAtGF6_s1zhfBIlLWU\Secondary Sources\Matous, Lubor - Kappadokische Keilschrifttafeln mit Siegeln (KKS). ICK 3, 1984(cut).pdf",15,True,13.66,,2025-10-09T12:13:58.589885
G:\.shortcut-targets-by-id\1VhQSilnVXpZtOWwAtGF6_s1zhfBIlLWU\Secondary Sources\buccellati1997.PDF,3,True,14.33,,2025-10-09T12:14:12.916899
G:\.shortcut-targets-by-id\1VhQSilnVXpZtOWwAtGF6_s1zhfBIlLWU\Secondary Sources\NABU (missing 1999 no.2) (2).pdf,1336,True,14.15,,2025-10-09T12:14:27.067038
G:\.shortcut-targets-by-id\1VhQSilnVXpZtOWwAtGF6_s1zhfBIlLWU\Secondary Sources\Hertel_2013_OAAS6_OA legal practices.pdf,482,True,0.55,,2025-10-09T12:14:27.620064
G:\.shortcut-targets-by-id\1VhQSilnVXpZtOWwAtGF6_s1zhfBIlLWU\Secondary Sources\NABU (missing 1999 no.2) (1).pdf,1267,True,13.50,,2025-10-09T12:14:41.116877
G:\.shortcut-targets-by-id\1VhQSilnVXpZtOWwAtGF6_s1zhfBIlLWU\Secondary Sources\RGTC-3 - OB.pdf,227,True,11.81,,2025-10-09T12:14:52.929653
G:\.shortcut-targets-by-id\1VhQSilnVXpZtOWwAtGF6_s1zhfBIlLWU\Secondary Sources\CAD (A-N).pdf,107,True,1.11,,2025-10-09T12:14:54.040533
G:\.shortcut-targets-by-id\1VhQSilnVXpZtOWwAtGF6_s1zhfBIlLWU\Secondary Sources\Kultepe-Kanes_A_Second_Millennium_B.C.E._Trading_Center_on_the_Central_Plateau-libre.pdf,17,True,12.45,,2025-10-09T12:15:06.489899
"G:\.shortcut-targets-by-id\1VhQSilnVXpZtOWwAtGF6_s1zhfBIlLWU\Secondary Sources\AnSt 35, 1985.pdf",22,True,3.65,,2025-10-09T12:15:10.139825
G:\.shortcut-targets-by-id\1VhQSilnVXpZtOWwAtGF6_s1zhfBIlLWU\Secondary Sources\Pruzsinszky_2003_SCCNH13_Personnennamen_Texte_aus_Emar.pdf,52,True,0.57,,2025-10-09T12:15:10.714504
"G:\.shortcut-targets-by-id\1VhQSilnVXpZtOWwAtGF6_s1zhfBIlLWU\Secondary Sources\Veenhof, Klaas R. - Modern Features in Old Assyrian Trade. JESHO 40-4 1997 336-366 (1).pdf",17,True,0.35,,2025-10-09T12:15:11.065873
G:\.shortcut-targets-by-id\1VhQSilnVXpZtOWwAtGF6_s1zhfBIlLWU\Secondary Sources\NABU 1987.1 - 4014.4.pdf,1096,True,1.29,,2025-10-09T12:15:12.359293
"G:\.shortcut-targets-by-id\1VhQSilnVXpZtOWwAtGF6_s1zhfBIlLWU\Secondary Sources\Grayson, A. Kirk - Assyrian Rulers of the Third and Second Millennia BC (to 1115 BC). RIMA 1, 1987.pdf",190,True,12.00,,2025-10-09T12:15:24.362040
"G:\.shortcut-targets-by-id\1VhQSilnVXpZtOWwAtGF6_s1zhfBIlLWU\Secondary Sources\Michel, Cécile - Innāya dans les Tablettes Paléo-Assyriennes II, Edition des Textes. ERC 2, 1991.pdf",347,True,9.54,,2025-10-09T12:15:33.905786
G:\.shortcut-targets-by-id\1VhQSilnVXpZtOWwAtGF6_s1zhfBIlLWU\Secondary Sources\AKT 7b.pdf,450,True,0.59,,2025-10-09T12:15:34.499166
"G:\.shortcut-targets-by-id\1VhQSilnVXpZtOWwAtGF6_s1zhfBIlLWU\Secondary Sources\Kramer, Samuel N. - Sumerian Literary Tablets and Fragments in the Archaeological Museum of Istanbul - II. TTKY VI 13a, 1976(cut).pdf",114,True,11.53,,2025-10-09T12:15:46.030180
G:\.shortcut-targets-by-id\1VhQSilnVXpZtOWwAtGF6_s1zhfBIlLWU\Secondary Sources\baer1963.PDF,10,True,14.54,,2025-10-09T12:16:00.570728
"G:\.shortcut-targets-by-id\1VhQSilnVXpZtOWwAtGF6_s1zhfBIlLWU\Secondary Sources\BIN 6, 1944.pdf",67,True,14.28,,2025-10-09T12:16:14.852843
G:\.shortcut-targets-by-id\1VhQSilnVXpZtOWwAtGF6_s1zhfBIlLWU\Secondary Sources\Sayce_1912_Bab6_tablets_UPenn.pdf,1,True,13.99,,2025-10-09T12:16:28.846378
G:\.shortcut-targets-by-id\1VhQSilnVXpZtOWwAtGF6_s1zhfBIlLWU\Secondary Sources\Text References\Keilschriftbibliographie (1)\Keibi65-Band 65 (2006).pdf,17,True,1.41,,2025-10-09T12:16:30.257930
G:\.shortcut-targets-by-id\1VhQSilnVXpZtOWwAtGF6_s1zhfBIlLWU\Secondary Sources\Erol OLD_ASSYRIAN_METAL_TRADE_ITS_VOLUME_AND.pdf,3,True,1.11,,2025-10-09T12:16:31.372545
G:\.shortcut-targets-by-id\1VhQSilnVXpZtOWwAtGF6_s1zhfBIlLWU\Secondary Sources\oip129 ED to OAkk transition.pdf,203,True,6.99,,2025-10-09T12:16:38.361471
"G:\.shortcut-targets-by-id\1VhQSilnVXpZtOWwAtGF6_s1zhfBIlLWU\Secondary Sources\Klinkott, Kubisch, and Muller-Wollermann, eds - Geschenke und Steuern, Zolle und Tribute. CHANE 29, 2007.pdf",476,True,0.50,,2025-10-09T12:16:38.863626
G:\.shortcut-targets-by-id\1VhQSilnVXpZtOWwAtGF6_s1zhfBIlLWU\Secondary Sources\Stratford_2015_Subartu_35.pdf,4,True,1.80,,2025-10-09T12:16:40.661379
"G:\.shortcut-targets-by-id\1VhQSilnVXpZtOWwAtGF6_s1zhfBIlLWU\Secondary Sources\Orlin, Louis L. - Assyrian Colonies in Cappadocia (ACC). SAH 1, 1970(cut).pdf",125,True,41.55,,2025-10-09T12:17:22.211664
"G:\.shortcut-targets-by-id\1VhQSilnVXpZtOWwAtGF6_s1zhfBIlLWU\Secondary Sources\AnSt 16, 1966.pdf",134,True,5.61,,2025-10-09T12:17:27.827865
G:\.shortcut-targets-by-id\1VhQSilnVXpZtOWwAtGF6_s1zhfBIlLWU\Secondary Sources\CAD (A-N).pdf,3850,True,3.83,,2025-10-09T12:17:31.664518
G:\.shortcut-targets-by-id\1VhQSilnVXpZtOWwAtGF6_s1zhfBIlLWU\Secondary Sources\Bryce_1985_AoF12_developments.pdf,4,True,1.00,,2025-10-09T12:17:32.664909
G:\.shortcut-targets-by-id\1VhQSilnVXpZtOWwAtGF6_s1zhfBIlLWU\Secondary Sources\jamesh1991.PDF,13,True,74.86,,2025-10-09T12:18:47.524788
G:\.shortcut-targets-by-id\1VhQSilnVXpZtOWwAtGF6_s1zhfBIlLWU\Secondary Sources\PRU III combined.pdf,301,True,62.04,,2025-10-09T12:19:49.567433
"G:\.shortcut-targets-by-id\1VhQSilnVXpZtOWwAtGF6_s1zhfBIlLWU\Secondary Sources\Zeidenberg, Deborah - The Kultepe Disk-Figurines. Thesis Harvard, 1989.pdf",48,True,58.53,,2025-10-09T12:20:48.094354
"G:\.shortcut-targets-by-id\1VhQSilnVXpZtOWwAtGF6_s1zhfBIlLWU\Secondary Sources\Hecker, K., G. Kryszat & L. Matouš - Kappadokische Keilschrifttafeln aus den Sammlungen der Karlsuniversität Prag. ICK 4, 1998(cut).pdf",316,True,74.74,,2025-10-09T12:22:02.831797
G:\.shortcut-targets-by-id\1VhQSilnVXpZtOWwAtGF6_s1zhfBIlLWU\Secondary Sources\Text References\AfO Register\afo_realien.pdf,1203,True,1.08,,2025-10-09T12:22:03.908567
G:\.shortcut-targets-by-id\1VhQSilnVXpZtOWwAtGF6_s1zhfBIlLWU\Secondary Sources\momrak.pdf,328,True,0.52,,2025-10-09T12:22:04.427508
G:\.shortcut-targets-by-id\1VhQSilnVXpZtOWwAtGF6_s1zhfBIlLWU\Secondary Sources\Text References\AfO Register\afo_realien.pdf,1563,True,1.09,,2025-10-09T12:22:05.515130
"G:\.shortcut-targets-by-id\1VhQSilnVXpZtOWwAtGF6_s1zhfBIlLWU\Secondary Sources\Dercksen 2015 The goddess who was robbed of her jewellery Anatolica 41, 37-59..pdf",5,True,59.44,,2025-10-09T12:23:04.951624
"G:\.shortcut-targets-by-id\1VhQSilnVXpZtOWwAtGF6_s1zhfBIlLWU\Secondary Sources\Edwards, I.E.S. ed. - Early History of the Middle East. CAH  1.2, 1971.pdf",904,True,9.45,,2025-10-09T12:23:14.400008
G:\.shortcut-targets-by-id\1VhQSilnVXpZtOWwAtGF6_s1zhfBIlLWU\Secondary Sources\NABU (missing 1999 no.2) (2).pdf,837,True,71.50,,2025-10-09T12:24:25.902795
"G:\.shortcut-targets-by-id\1VhQSilnVXpZtOWwAtGF6_s1zhfBIlLWU\Secondary Sources\Anatolica 30, 2004.pdf",35,True,2.99,,2025-10-09T12:24:28.888992
G:\.shortcut-targets-by-id\1VhQSilnVXpZtOWwAtGF6_s1zhfBIlLWU\Secondary Sources\RGTC-10 Fincke (1993).pdf,226,True,4.14,,2025-10-09T12:24:33.029757
"G:\.shortcut-targets-by-id\1VhQSilnVXpZtOWwAtGF6_s1zhfBIlLWU\Secondary Sources\Barjamovic, Gojko - A Historical Geography of Ancient Anatolia in the Assyrian Colony Period. CNI 38, 2011.pdf",204,True,13.95,,2025-10-09T12:24:46.981076
G:\.shortcut-targets-by-id\1VhQSilnVXpZtOWwAtGF6_s1zhfBIlLWU\Secondary Sources\Radau BE 17 1.pdf,90,True,0.62,,2025-10-09T12:24:47.598591
"G:\.shortcut-targets-by-id\1VhQSilnVXpZtOWwAtGF6_s1zhfBIlLWU\Secondary Sources\Dercksen, J.G. et al. - Veenhof Anniversary Volume. PIHANS 89, 2001.pdf",207,True,19.04,,2025-10-09T12:25:06.641231
"G:\.shortcut-targets-by-id\1VhQSilnVXpZtOWwAtGF6_s1zhfBIlLWU\Secondary Sources\Innaya 2, 1991.pdf",169,True,11.62,,2025-10-09T12:25:18.261883
G:\.shortcut-targets-by-id\1VhQSilnVXpZtOWwAtGF6_s1zhfBIlLWU\Secondary Sources\Papazan 2005 Dissertation-NEW.pdf,123,True,0.45,,2025-10-09T12:25:18.709637
G:\.shortcut-targets-by-id\1VhQSilnVXpZtOWwAtGF6_s1zhfBIlLWU\Secondary Sources\CAD (N-Z).pdf,3543,True,1.93,,2025-10-09T12:25:20.644329
"G:\.shortcut-targets-by-id\1VhQSilnVXpZtOWwAtGF6_s1zhfBIlLWU\Secondary Sources\Ichisar, Metin - Les archives cappadociennes du marchand Imdilum. ERC 1981(cut).pdf",271,True,12.26,,2025-10-09T12:25:32.903933
"G:\.shortcut-targets-by-id\1VhQSilnVXpZtOWwAtGF6_s1zhfBIlLWU\Secondary Sources\AnSt 41, 1991.pdf",242,True,1.63,,2025-10-09T12:25:34.534820
"G:\.shortcut-targets-by-id\1VhQSilnVXpZtOWwAtGF6_s1zhfBIlLWU\Secondary Sources\AnSt 51, 2001.pdf",136,True,8.05,,2025-10-09T12:25:42.587448
G:\.shortcut-targets-by-id\1VhQSilnVXpZtOWwAtGF6_s1zhfBIlLWU\Secondary Sources\sbd.PDF,104,True,17.70,,2025-10-09T12:26:00.287875
"G:\.shortcut-targets-by-id\1VhQSilnVXpZtOWwAtGF6_s1zhfBIlLWU\Secondary Sources\Veenhof, Klaas R. - The Old Assyrian List of Year Eponyms from Karum Kanish. TTKY VI 64, 2003.pdf",6,True,0.34,,2025-10-09T12:26:00.629455
"G:\.shortcut-targets-by-id\1VhQSilnVXpZtOWwAtGF6_s1zhfBIlLWU\Secondary Sources\Michel, Cecile ed. - Old Assyrian Studies in Memory of Paul Garelli. PIHANS 112, 2008 (2).pdf",85,True,1.24,,2025-10-09T12:26:01.873657
"G:\.shortcut-targets-by-id\1VhQSilnVXpZtOWwAtGF6_s1zhfBIlLWU\Secondary Sources\Buccellati, Federiko - Altassyrische Glyptik. Eine Inhaltliche und Methodologische Annaherung. Diss Tubingen 2005.pdf",596,True,14.92,,2025-10-09T12:26:16.798209
"G:\.shortcut-targets-by-id\1VhQSilnVXpZtOWwAtGF6_s1zhfBIlLWU\Secondary Sources\Barjamovic, Gojko - A Historical Geography of Anatolia in the Old Assyrian Colony Period. CNIP 38, 2011.pdf",352,True,4.95,,2025-10-09T12:26:21.750542
G:\.shortcut-targets-by-id\1VhQSilnVXpZtOWwAtGF6_s1zhfBIlLWU\Secondary Sources\musti1984.PDF,15,True,13.80,,2025-10-09T12:26:35.548865
G:\.shortcut-targets-by-id\1VhQSilnVXpZtOWwAtGF6_s1zhfBIlLWU\Secondary Sources\Langdon PBS 10 4.pdf,14,True,0.36,,2025-10-09T12:26:35.910901
"G:\.shortcut-targets-by-id\1VhQSilnVXpZtOWwAtGF6_s1zhfBIlLWU\Secondary Sources\Erkanal, Armagan - Die in Anatolien vorkommenden altsyrischen Siegel und Siegelabdrucke. TTKY VI 42, 1993.pdf",307,True,9.27,,2025-10-09T12:26:45.179576
"G:\.shortcut-targets-by-id\1VhQSilnVXpZtOWwAtGF6_s1zhfBIlLWU\Secondary Sources\Erkanal-Öktü, A. et al eds - Bati Anadolu ve Dogu Akdeniz Ged Tunc Cagi Kulturleri. 2008(cut).pdf",122,True,102.35,,2025-10-09T12:28:27.533202
G:\.shortcut-targets-by-id\1VhQSilnVXpZtOWwAtGF6_s1zhfBIlLWU\Secondary Sources\NABU (missing 1999 no.2).pdf,1477,True,13.44,,2025-10-09T12:28:40.977977
"G:\.shortcut-targets-by-id\1VhQSilnVXpZtOWwAtGF6_s1zhfBIlLWU\Secondary Sources\Larsen 1979 - Power and Propaganda. Mesopotamia 7, 1979.pdf",141,True,0.43,,2025-10-09T12:28:41.413804
"G:\.shortcut-targets-by-id\1VhQSilnVXpZtOWwAtGF6_s1zhfBIlLWU\Secondary Sources\Edwards, I.E.S. ed. - Early History of the Middle East. CAH  1.2, 1971.pdf",642,True,0.58,,2025-10-09T12:28:41.990718
G:\.shortcut-targets-by-id\1VhQSilnVXpZtOWwAtGF6_s1zhfBIlLWU\Secondary Sources\ANATOLIAS_PROLOGUE_KULTEPE_KANESH_KARUM.pdf,306,True,10.79,,2025-10-09T12:28:52.785137
"G:\.shortcut-targets-by-id\1VhQSilnVXpZtOWwAtGF6_s1zhfBIlLWU\Secondary Sources\Hoffner, H & G. Beckman eds - Kaniššuwar. A Tribute to Hans G. Güterbock on his 75th Birthday. AS 23, 1986.pdf",62,True,1.37,,2025-10-09T12:28:54.154681
G:\.shortcut-targets-by-id\1VhQSilnVXpZtOWwAtGF6_s1zhfBIlLWU\Secondary Sources\Alp_1997_ArAn3_BilgicFS_ticaret.pdf,15,True,0.84,,2025-10-09T12:28:54.996342
G:\.shortcut-targets-by-id\1VhQSilnVXpZtOWwAtGF6_s1zhfBIlLWU\Secondary Sources\dincols_wilhelm.PDF,3,True,17.28,,2025-10-09T12:29:12.273254
G:\.shortcut-targets-by-id\1VhQSilnVXpZtOWwAtGF6_s1zhfBIlLWU\Secondary Sources\KBo 37.pdf,36,True,12.52,,2025-10-09T12:29:24.793002
"G:\.shortcut-targets-by-id\1VhQSilnVXpZtOWwAtGF6_s1zhfBIlLWU\Secondary Sources\Larsen, M. T. - AKT 6b, 2013.pdf",304,True,2.01,,2025-10-09T12:29:26.802016
G:\.shortcut-targets-by-id\1VhQSilnVXpZtOWwAtGF6_s1zhfBIlLWU\Secondary Sources\CAD (N-Z).pdf,3161,True,2.03,,2025-10-09T12:29:28.831174
G:\.shortcut-targets-by-id\1VhQSilnVXpZtOWwAtGF6_s1zhfBIlLWU\Secondary Sources\NABU 1987.1 - 4014.4.pdf,468,True,0.87,,2025-10-09T12:29:29.700879
G:\.shortcut-targets-by-id\1VhQSilnVXpZtOWwAtGF6_s1zhfBIlLWU\Secondary Sources\Schorr_Urkunden_Altbabylonischen_Zivil_und_Prozessrechts.pdf,184,True,1.17,,2025-10-09T12:29:30.873924
G:\.shortcut-targets-by-id\1VhQSilnVXpZtOWwAtGF6_s1zhfBIlLWU\Secondary Sources\CAD (N-Z).pdf,2058,True,5.94,,2025-10-09T12:29:36.811401
"G:\.shortcut-targets-by-id\1VhQSilnVXpZtOWwAtGF6_s1zhfBIlLWU\Secondary Sources\Veenhof, K. & Eidem, J. - Mesopotamia, The Old Assyrian Period. OBO 160.5, 2008.pdf",19,True,0.63,,2025-10-09T12:29:37.446940
G:\.shortcut-targets-by-id\1VhQSilnVXpZtOWwAtGF6_s1zhfBIlLWU\Secondary Sources\NABU 1987.1 - 4014.4.pdf,1363,True,0.89,,2025-10-09T12:29:38.336388
G:\.shortcut-targets-by-id\1VhQSilnVXpZtOWwAtGF6_s1zhfBIlLWU\Secondary Sources\Vincentediss.pdf,229,True,71.49,,2025-10-09T12:30:49.824961
"G:\.shortcut-targets-by-id\1VhQSilnVXpZtOWwAtGF6_s1zhfBIlLWU\Secondary Sources\Green, Alberto R. W. - The Storm-God in the Ancient Near East. 2003.pdf",14,True,2.84,,2025-10-09T12:30:52.666891
G:\.shortcut-targets-by-id\1VhQSilnVXpZtOWwAtGF6_s1zhfBIlLWU\Secondary Sources\Larsen_2015_Ancient_Kanesh (2015).pdf,28,True,46.42,,2025-10-09T12:31:39.086284
"G:\.shortcut-targets-by-id\1VhQSilnVXpZtOWwAtGF6_s1zhfBIlLWU\Secondary Sources\Michel, Cécile - Innāya dans les Tablettes Paléo-Assyriennes I, Analyse. ERC 1, 1991.pdf",177,True,48.90,,2025-10-09T12:32:27.989619
"G:\.shortcut-targets-by-id\1VhQSilnVXpZtOWwAtGF6_s1zhfBIlLWU\Secondary Sources\Dercksen, J. G. ed. - Assyria and Beyond, Studies Presented to Mogens Trolle Larsen, FS Larsen. PIHANS 100, 2004.pdf",438,True,14.67,,2025-10-09T12:32:42.660232
G:\.shortcut-targets-by-id\1VhQSilnVXpZtOWwAtGF6_s1zhfBIlLWU\Secondary Sources\tadmor1987.PDF,5,True,70.49,,2025-10-09T12:33:53.151820
"G:\.shortcut-targets-by-id\1VhQSilnVXpZtOWwAtGF6_s1zhfBIlLWU\Secondary Sources\Veenhof, K. & Klengel-Brandt E. - Altassyrische Tontafeln aus Kültepe Texte und Siegelabrollungen. VAS NS 10 (26), 1992.pdf",51,True,40.48,,2025-10-09T12:34:33.642793
"G:\.shortcut-targets-by-id\1VhQSilnVXpZtOWwAtGF6_s1zhfBIlLWU\Secondary Sources\Larsen 2010 - The Archive of the Šalim-Aššur Family, Vol. 1. The First Two Generations. (A)TK 6-a, TTKY 33d-a, 2010 (preprint).pdf",144,True,32.92,,2025-10-09T12:35:06.561351
"G:\.shortcut-targets-by-id\1VhQSilnVXpZtOWwAtGF6_s1zhfBIlLWU\Secondary Sources\AnSt 30, 1980.pdf",174,True,4.68,,2025-10-09T12:35:11.245956
"G:\.shortcut-targets-by-id\1VhQSilnVXpZtOWwAtGF6_s1zhfBIlLWU\Secondary Sources\KTK - Jankowska, 1968.pdf",18,True,12.87,,2025-10-09T12:35:24.115505
"G:\.shortcut-targets-by-id\1VhQSilnVXpZtOWwAtGF6_s1zhfBIlLWU\Secondary Sources\Klinkott, Kubisch, and Muller-Wollermann, eds - Geschenke und Steuern, Zolle und Tribute. CHANE 29, 2007.pdf",555,True,0.43,,2025-10-09T12:35:24.550973
G:\.shortcut-targets-by-id\1VhQSilnVXpZtOWwAtGF6_s1zhfBIlLWU\Secondary Sources\Mazzini_1997_SEL14_Torture_Mot.pdf,3,True,9.29,,2025-10-09T12:35:33.845041
G:\.shortcut-targets-by-id\1VhQSilnVXpZtOWwAtGF6_s1zhfBIlLWU\Secondary Sources\Knoppers_et_al_2005_JHS6_chroniclers.pdf,28,True,1.09,,2025-10-09T12:35:34.934112
"G:\.shortcut-targets-by-id\1VhQSilnVXpZtOWwAtGF6_s1zhfBIlLWU\Secondary Sources\Çig, M. & H. Kizilyay - Eski Babil Devrine Ait Yeni Tarihleri İhtiva Eden Veya Formülleri Eski Tarihlere Varyant Teşkil Eden Beş Tablet. Belleten 26 (101), 1962 1-44 (1).pdf",14,True,12.64,,2025-10-09T12:35:47.573811
"G:\.shortcut-targets-by-id\1VhQSilnVXpZtOWwAtGF6_s1zhfBIlLWU\Secondary Sources\AnSt 44, 1994.pdf",116,True,4.93,,2025-10-09T12:35:52.509503
G:\.shortcut-targets-by-id\1VhQSilnVXpZtOWwAtGF6_s1zhfBIlLWU\Secondary Sources\king1912.pdf,116,True,13.40,,2025-10-09T12:36:05.908644
G:\.shortcut-targets-by-id\1VhQSilnVXpZtOWwAtGF6_s1zhfBIlLWU\Secondary Sources\Text References\HKL2.pdf,45,True,15.27,,2025-10-09T12:36:21.179487
G:\.shortcut-targets-by-id\1VhQSilnVXpZtOWwAtGF6_s1zhfBIlLWU\Secondary Sources\jackson1989.PDF,19,True,11.87,,2025-10-09T12:36:33.047879
"G:\.shortcut-targets-by-id\1VhQSilnVXpZtOWwAtGF6_s1zhfBIlLWU\Secondary Sources\OrNS 50, 1981.pdf",220,True,20.04,,2025-10-09T12:36:53.091775
G:\.shortcut-targets-by-id\1VhQSilnVXpZtOWwAtGF6_s1zhfBIlLWU\Secondary Sources\KUB 34.pdf,44,True,13.30,,2025-10-09T12:37:06.392788
G:\.shortcut-targets-by-id\1VhQSilnVXpZtOWwAtGF6_s1zhfBIlLWU\Secondary Sources\Stratford_2015_Eponyms.pdf,21,True,0.43,,2025-10-09T12:37:06.821275
"G:\.shortcut-targets-by-id\1VhQSilnVXpZtOWwAtGF6_s1zhfBIlLWU\Secondary Sources\Jie, Jin - A Complete Retrograde Glossary of the Hittite Language. PIHANS 71, 1994.pdf",40,True,17.13,,2025-10-09T12:37:23.958021
G:\.shortcut-targets-by-id\1VhQSilnVXpZtOWwAtGF6_s1zhfBIlLWU\Secondary Sources\AKT 7a.pdf,376,True,1.02,,2025-10-09T12:37:24.981477
"G:\.shortcut-targets-by-id\1VhQSilnVXpZtOWwAtGF6_s1zhfBIlLWU\Secondary Sources\Leinwand, Nancy W. - A Study of Anatolian Weathergods of the Old Assyrian Colony Period. Diss. Bryn Mawr 1984.pdf",113,True,0.60,,2025-10-09T12:37:25.581648
"G:\.shortcut-targets-by-id\1VhQSilnVXpZtOWwAtGF6_s1zhfBIlLWU\Secondary Sources\AnSt 51, 2001.pdf",142,True,0.96,,2025-10-09T12:37:26.540879
"G:\.shortcut-targets-by-id\1VhQSilnVXpZtOWwAtGF6_s1zhfBIlLWU\Secondary Sources\Larsen, M. T. - AKT 6a, 2010.pdf",266,True,1.35,,2025-10-09T12:37:27.894783
G:\.shortcut-targets-by-id\1VhQSilnVXpZtOWwAtGF6_s1zhfBIlLWU\Secondary Sources\Text References\AfO Register\AfO Register 31 (1984).pdf,5,True,0.54,,2025-10-09T12:37:28.434296
G:\.shortcut-targets-by-id\1VhQSilnVXpZtOWwAtGF6_s1zhfBIlLWU\Secondary Sources\CAD (N-Z).pdf,149,True,1.92,,2025-10-09T12:37:30.359139
"G:\.shortcut-targets-by-id\1VhQSilnVXpZtOWwAtGF6_s1zhfBIlLWU\Secondary Sources\AnSt 2, 1952.pdf",159,True,8.58,,2025-10-09T12:37:38.941797
G:\.shortcut-targets-by-id\1VhQSilnVXpZtOWwAtGF6_s1zhfBIlLWU\Secondary Sources\weinstein1981.PDF,17,True,13.30,,2025-10-09T12:37:52.247797
G:\.shortcut-targets-by-id\1VhQSilnVXpZtOWwAtGF6_s1zhfBIlLWU\Secondary Sources\Text References\AfO Register\AfO Register  (1978-2004).pdf,43,True,0.58,,2025-10-09T12:37:52.829798
"G:\.shortcut-targets-by-id\1VhQSilnVXpZtOWwAtGF6_s1zhfBIlLWU\Secondary Sources\Yoffee, Norman - The Decline and Rise of Mesopotamian Civilization- An Ethnoarchaeological Perspective on the Evolution of Social Complexity. AmAn 44, 1979 5-35.pdf",16,True,0.53,,2025-10-09T12:37:53.357392
"G:\.shortcut-targets-by-id\1VhQSilnVXpZtOWwAtGF6_s1zhfBIlLWU\Secondary Sources\AnSt 12, 1962.pdf",130,True,5.07,,2025-10-09T12:37:58.432769
G:\.shortcut-targets-by-id\1VhQSilnVXpZtOWwAtGF6_s1zhfBIlLWU\Secondary Sources\ferichs_lesko1997000.PDF,8,True,12.15,,2025-10-09T12:38:10.587283
"G:\.shortcut-targets-by-id\1VhQSilnVXpZtOWwAtGF6_s1zhfBIlLWU\Secondary Sources\AnSt 8, 1958.pdf",93,True,5.93,,2025-10-09T12:38:16.514050
"G:\.shortcut-targets-by-id\1VhQSilnVXpZtOWwAtGF6_s1zhfBIlLWU\Secondary Sources\Lewy, Julius - Die Altassyrischen Rechtsurkunden vom Kultepe 3-4. Teil. MVAG 35, 1935.pdf",192,True,0.88,,2025-10-09T12:38:17.390247
G:\.shortcut-targets-by-id\1VhQSilnVXpZtOWwAtGF6_s1zhfBIlLWU\Secondary Sources\CAD (N-Z).pdf,1204,True,2.68,,2025-10-09T12:38:20.068816
G:\.shortcut-targets-by-id\1VhQSilnVXpZtOWwAtGF6_s1zhfBIlLWU\Secondary Sources\Undheimdiss.pdf,270,True,13.89,,2025-10-09T12:38:33.961710
"G:\.shortcut-targets-by-id\1VhQSilnVXpZtOWwAtGF6_s1zhfBIlLWU\Secondary Sources\GKT, 1968.pdf",71,True,1.00,,2025-10-09T12:38:34.958082
G:\.shortcut-targets-by-id\1VhQSilnVXpZtOWwAtGF6_s1zhfBIlLWU\Secondary Sources\Larsen_2015_Ancient_Kanesh (2015).pdf,53,True,0.40,,2025-10-09T12:38:35.355540
"G:\.shortcut-targets-by-id\1VhQSilnVXpZtOWwAtGF6_s1zhfBIlLWU\Secondary Sources\AKT 5, 2008.pdf",182,True,10.92,,2025-10-09T12:38:46.277455
"G:\.shortcut-targets-by-id\1VhQSilnVXpZtOWwAtGF6_s1zhfBIlLWU\Secondary Sources\Wilkinson, T. J. - Archaeological Landscapes of the Near East. 2005 (grey).pdf",135,True,30.87,,2025-10-09T12:39:17.145195
"G:\.shortcut-targets-by-id\1VhQSilnVXpZtOWwAtGF6_s1zhfBIlLWU\Secondary Sources\Anatolica 28, 2002.pdf",113,True,11.52,,2025-10-09T12:39:28.663399
G:\.shortcut-targets-by-id\1VhQSilnVXpZtOWwAtGF6_s1zhfBIlLWU\Secondary Sources\singer19__.PDF,1,True,12.71,,2025-10-09T12:39:41.376255
"G:\.shortcut-targets-by-id\1VhQSilnVXpZtOWwAtGF6_s1zhfBIlLWU\Secondary Sources\Oz, E. & I. Albayrak - 1963 Yılı Kültepe Kazısında Ele Geçen Altı Yeni Tablet. ArAn 8.2, 2005 21-45.pdf",19,True,0.54,,2025-10-09T12:39:41.920387
G:\.shortcut-targets-by-id\1VhQSilnVXpZtOWwAtGF6_s1zhfBIlLWU\Secondary Sources\Kt c-k (Dercksen).pdf,745,True,0.43,,2025-10-09T12:39:42.353336
"G:\.shortcut-targets-by-id\1VhQSilnVXpZtOWwAtGF6_s1zhfBIlLWU\Secondary Sources\Bilgic, E. & C. Gunbatti - Ankaraner Kultepe-Texte III. (AKT 3) FAOSB 3, 1995.pdf",93,True,2.14,,2025-10-09T12:39:44.495640
"G:\.shortcut-targets-by-id\1VhQSilnVXpZtOWwAtGF6_s1zhfBIlLWU\Secondary Sources\Ozguc, Nimet - The Anatolian Group of Cylinder Seal Impressions from Kultepe. TTKY V 22, 1965.pdf",38,True,9.25,,2025-10-09T12:39:53.743754
G:\.shortcut-targets-by-id\1VhQSilnVXpZtOWwAtGF6_s1zhfBIlLWU\Secondary Sources\vonDassowdiss.pdf,167,True,0.95,,2025-10-09T12:39:54.699850
G:\.shortcut-targets-by-id\1VhQSilnVXpZtOWwAtGF6_s1zhfBIlLWU\Secondary Sources\Text References\AfO Register\afo_realien.pdf,175,True,0.83,,2025-10-09T12:39:55.527213
"G:\.shortcut-targets-by-id\1VhQSilnVXpZtOWwAtGF6_s1zhfBIlLWU\Secondary Sources\ACC, 1970.pdf",238,True,1.13,,2025-10-09T12:39:56.661372
G:\.shortcut-targets-by-id\1VhQSilnVXpZtOWwAtGF6_s1zhfBIlLWU\Secondary Sources\KBo 12.pdf,48,True,12.64,,2025-10-09T12:40:09.302870
"G:\.shortcut-targets-by-id\1VhQSilnVXpZtOWwAtGF6_s1zhfBIlLWU\Secondary Sources\Text References\AfO Register\AfO - Assyriologie, Register (1978-2004).pdf",437,True,0.61,,2025-10-09T12:40:09.915132
G:\.shortcut-targets-by-id\1VhQSilnVXpZtOWwAtGF6_s1zhfBIlLWU\Secondary Sources\Text References\HKL1.PDF,29,True,19.16,,2025-10-09T12:40:29.080170
"G:\.shortcut-targets-by-id\1VhQSilnVXpZtOWwAtGF6_s1zhfBIlLWU\Secondary Sources\AnSt 14, 1964.pdf",104,True,5.17,,2025-10-09T12:40:34.246875
"G:\.shortcut-targets-by-id\1VhQSilnVXpZtOWwAtGF6_s1zhfBIlLWU\Secondary Sources\Walker, C. & M. Dick - The Induction of the Cult Image in Ancient Mesopotamia. The Mesopotamian Mis Pi Ritual. SAALT 1, 2001.pdf",20,True,1.54,,2025-10-09T12:40:35.786298
"G:\.shortcut-targets-by-id\1VhQSilnVXpZtOWwAtGF6_s1zhfBIlLWU\Secondary Sources\Bongenaar, A.C.V.M. - Interdependency of Institutions and Private Entrepreneurs, MOS 2. PIHANS 87, 2000.pdf",161,True,6.65,,2025-10-09T12:40:42.433235
"G:\.shortcut-targets-by-id\1VhQSilnVXpZtOWwAtGF6_s1zhfBIlLWU\Secondary Sources\Veenhof, K. & Eidem, J. - Mesopotamia, The Old Assyrian Period. OBO 160.5, 2008 (1).pdf",161,True,1.28,,2025-10-09T12:40:43.717906
G:\.shortcut-targets-by-id\1VhQSilnVXpZtOWwAtGF6_s1zhfBIlLWU\Secondary Sources\EL_2.pdf,114,True,17.66,,2025-10-09T12:41:01.375321
G:\.shortcut-targets-by-id\1VhQSilnVXpZtOWwAtGF6_s1zhfBIlLWU\Secondary Sources\KAV.pdf,58,True,6.98,,2025-10-09T12:41:08.355930
"G:\.shortcut-targets-by-id\1VhQSilnVXpZtOWwAtGF6_s1zhfBIlLWU\Secondary Sources\Buccellati, Federiko - Altassyrische Glyptik. Eine Inhaltliche und Methodologische Annaherung. Diss Tubingen 2005.pdf",291,True,0.50,,2025-10-09T12:41:08.856906
G:\.shortcut-targets-by-id\1VhQSilnVXpZtOWwAtGF6_s1zhfBIlLWU\Secondary Sources\Undheimdiss.pdf,33,True,10.64,,2025-10-09T12:41:19.498984
G:\.shortcut-targets-by-id\1VhQSilnVXpZtOWwAtGF6_s1zhfBIlLWU\Secondary Sources\Hertel_2013_OAAS6_OA legal practices.pdf,393,True,0.40,,2025-10-09T12:41:19.897909
"G:\.shortcut-targets-by-id\1VhQSilnVXpZtOWwAtGF6_s1zhfBIlLWU\Secondary Sources\EL 1, 1930.pdf",229,True,7.14,,2025-10-09T12:41:27.034348
"G:\.shortcut-targets-by-id\1VhQSilnVXpZtOWwAtGF6_s1zhfBIlLWU\Secondary Sources\Kramer, Samuel N. - Sumerian Literary Tablets and Fragments in the Archaeological Museum of Istanbul - II. TTKY VI 13a, 1976(cut).pdf",24,True,12.62,,2025-10-09T12:41:39.658734
G:\.shortcut-targets-by-id\1VhQSilnVXpZtOWwAtGF6_s1zhfBIlLWU\Secondary Sources\yakubovich_diss_2008.pdf,417,True,0.48,,2025-10-09T12:41:40.138616
"G:\.shortcut-targets-by-id\1VhQSilnVXpZtOWwAtGF6_s1zhfBIlLWU\Secondary Sources\AnSt 40, 1990.pdf",213,True,5.42,,2025-10-09T12:41:45.561873
G:\.shortcut-targets-by-id\1VhQSilnVXpZtOWwAtGF6_s1zhfBIlLWU\Secondary Sources\Dercksen_2005_JEOL39_Adad_king.PDF,7,True,17.92,,2025-10-09T12:42:03.479537
"G:\.shortcut-targets-by-id\1VhQSilnVXpZtOWwAtGF6_s1zhfBIlLWU\Secondary Sources\Albayrak, Irfan - Kultepe Tabletleri IV. VI. Dizi - Sa. 33b, 2006.pdf",126,True,3.71,,2025-10-09T12:42:07.190516
G:\.shortcut-targets-by-id\1VhQSilnVXpZtOWwAtGF6_s1zhfBIlLWU\Secondary Sources\Text References\AfO Register\afo_realien.pdf,3178,True,0.83,,2025-10-09T12:42:08.020907
"G:\.shortcut-targets-by-id\1VhQSilnVXpZtOWwAtGF6_s1zhfBIlLWU\Secondary Sources\Dercksen, J. G. ed - Anatolia and the Jazira During the Old Assyrian Period. PIHANS 111, 2008 (2).pdf",33,True,0.54,,2025-10-09T12:42:08.562998
"G:\.shortcut-targets-by-id\1VhQSilnVXpZtOWwAtGF6_s1zhfBIlLWU\Secondary Sources\Teissier - Sealings, 1994.pdf",75,True,15.20,,2025-10-09T12:42:23.760991
G:\.shortcut-targets-by-id\1VhQSilnVXpZtOWwAtGF6_s1zhfBIlLWU\Secondary Sources\Palmisano_PhD_2015.pdf,50,True,1.17,,2025-10-09T12:42:24.936272
G:\.shortcut-targets-by-id\1VhQSilnVXpZtOWwAtGF6_s1zhfBIlLWU\Secondary Sources\RGTC-12_2 Belmonte.pdf,244,True,2.77,,2025-10-09T12:42:27.705456
"G:\.shortcut-targets-by-id\1VhQSilnVXpZtOWwAtGF6_s1zhfBIlLWU\Secondary Sources\AnSt 45, 1995.pdf",224,True,10.48,,2025-10-09T12:42:38.189438
G:\.shortcut-targets-by-id\1VhQSilnVXpZtOWwAtGF6_s1zhfBIlLWU\Secondary Sources\NABU (missing 1999 no.2).pdf,1297,True,13.79,,2025-10-09T12:42:51.977782
"G:\.shortcut-targets-by-id\1VhQSilnVXpZtOWwAtGF6_s1zhfBIlLWU\Secondary Sources\Özgüç, Tashın - Kültepe and its Vicinity in the Iron Age. TTKY V 29, 1971.pdf",199,True,10.83,,2025-10-09T12:43:02.805400
"G:\.shortcut-targets-by-id\1VhQSilnVXpZtOWwAtGF6_s1zhfBIlLWU\Secondary Sources\VBoT, 1930.pdf",35,True,11.83,,2025-10-09T12:43:14.635845
G:\.shortcut-targets-by-id\1VhQSilnVXpZtOWwAtGF6_s1zhfBIlLWU\Secondary Sources\CAD (A-N).pdf,2660,True,3.89,,2025-10-09T12:43:18.531922
"G:\.shortcut-targets-by-id\1VhQSilnVXpZtOWwAtGF6_s1zhfBIlLWU\Secondary Sources\CMK, 2001.pdf",445,True,2.32,,2025-10-09T12:43:20.858010
"G:\.shortcut-targets-by-id\1VhQSilnVXpZtOWwAtGF6_s1zhfBIlLWU\Secondary Sources\GKT, 1968.pdf",272,True,0.98,,2025-10-09T12:43:21.840642
G:\.shortcut-targets-by-id\1VhQSilnVXpZtOWwAtGF6_s1zhfBIlLWU\Secondary Sources\Gunbatti_2000_ArAn4_su_ordali.pdf,9,True,53.70,,2025-10-09T12:44:15.539331
G:\.shortcut-targets-by-id\1VhQSilnVXpZtOWwAtGF6_s1zhfBIlLWU\Secondary Sources\Text References\HKL1.PDF,182,True,15.87,,2025-10-09T12:44:31.411895
G:\.shortcut-targets-by-id\1VhQSilnVXpZtOWwAtGF6_s1zhfBIlLWU\Secondary Sources\cooreman.PDF,43,True,15.25,,2025-10-09T12:44:46.663828
"G:\.shortcut-targets-by-id\1VhQSilnVXpZtOWwAtGF6_s1zhfBIlLWU\Secondary Sources\AnSt 44, 1994.pdf",102,True,1.75,,2025-10-09T12:44:48.413719
"G:\.shortcut-targets-by-id\1VhQSilnVXpZtOWwAtGF6_s1zhfBIlLWU\Secondary Sources\Kienast, Burkhart - Die altassyrischen Texte des Orientalischen Seminars in Heidelberg und der Sammlung Erlenmeyer (ATHE). UAVA 1, 1960(cut).pdf",6,True,12.95,,2025-10-09T12:45:01.362874
G:\.shortcut-targets-by-id\1VhQSilnVXpZtOWwAtGF6_s1zhfBIlLWU\Secondary Sources\AKT 6a.pdf,167,True,12.57,,2025-10-09T12:45:13.936506
"G:\.shortcut-targets-by-id\1VhQSilnVXpZtOWwAtGF6_s1zhfBIlLWU\Secondary Sources\TC 3.3, 1937.pdf",75,True,11.65,,2025-10-09T12:45:25.587932
G:\.shortcut-targets-by-id\1VhQSilnVXpZtOWwAtGF6_s1zhfBIlLWU\Secondary Sources\AKT 11a.pdf,70,True,2.85,,2025-10-09T12:45:28.442118
"G:\.shortcut-targets-by-id\1VhQSilnVXpZtOWwAtGF6_s1zhfBIlLWU\Secondary Sources\Stein, Gil Jeremy - Pastoral Production in Complex Societies. Diss U Penn 1988.pdf",287,True,0.49,,2025-10-09T12:45:28.930040
"G:\.shortcut-targets-by-id\1VhQSilnVXpZtOWwAtGF6_s1zhfBIlLWU\Secondary Sources\Gaal, E. - State and Private Sectors in Alalah VII. AcAn 30, 1982 1-44 (1).PDF",17,True,15.06,,2025-10-09T12:45:43.987669
"G:\.shortcut-targets-by-id\1VhQSilnVXpZtOWwAtGF6_s1zhfBIlLWU\Secondary Sources\Ozguc, Tahsin - Kultepe Kanis - Nesa. 2003 (missing pages).pdf",22,True,13.02,,2025-10-09T12:45:57.012830
G:\.shortcut-targets-by-id\1VhQSilnVXpZtOWwAtGF6_s1zhfBIlLWU\Secondary Sources\KUB 21.pdf,8,True,14.74,,2025-10-09T12:46:11.750871
G:\.shortcut-targets-by-id\1VhQSilnVXpZtOWwAtGF6_s1zhfBIlLWU\Secondary Sources\AKT 11a.pdf,289,True,10.80,,2025-10-09T12:46:22.555172
G:\.shortcut-targets-by-id\1VhQSilnVXpZtOWwAtGF6_s1zhfBIlLWU\Secondary Sources\KBo 29.pdf,28,True,14.36,,2025-10-09T12:46:36.915971
"G:\.shortcut-targets-by-id\1VhQSilnVXpZtOWwAtGF6_s1zhfBIlLWU\Secondary Sources\Kienast, Burkhart - Das Altassyrische Kaufvertragsrecht. FAOSB 1, 1984.pdf",61,True,3.70,,2025-10-09T12:46:40.617439
"G:\.shortcut-targets-by-id\1VhQSilnVXpZtOWwAtGF6_s1zhfBIlLWU\Secondary Sources\AnSt 29, 1979.pdf",170,True,4.82,,2025-10-09T12:46:45.438941
"G:\.shortcut-targets-by-id\1VhQSilnVXpZtOWwAtGF6_s1zhfBIlLWU\Secondary Sources\AnSt 44, 1994.pdf",222,True,1.92,,2025-10-09T12:46:47.363771
"G:\.shortcut-targets-by-id\1VhQSilnVXpZtOWwAtGF6_s1zhfBIlLWU\Secondary Sources\Kryszeń, Adam - A Historical Geography of the Hittite Heartland, 2016.pdf",152,True,19.59,,2025-10-09T12:47:06.953338
"G:\.shortcut-targets-by-id\1VhQSilnVXpZtOWwAtGF6_s1zhfBIlLWU\Secondary Sources\TC 2, 1928.pdf",1,True,17.18,,2025-10-09T12:47:24.133845
G:\.shortcut-targets-by-id\1VhQSilnVXpZtOWwAtGF6_s1zhfBIlLWU\Secondary Sources\Michel_2010_SpectrumEpoc_5.pdf,7,True,14.05,,2025-10-09T12:47:38.189389
"G:\.shortcut-targets-by-id\1VhQSilnVXpZtOWwAtGF6_s1zhfBIlLWU\Secondary Sources\Larsen 2002 - The Aššur-nada Archive. PIHANS 96, 2002.pdf",10,True,18.30,,2025-10-09T12:47:56.488961
G:\.shortcut-targets-by-id\1VhQSilnVXpZtOWwAtGF6_s1zhfBIlLWU\Secondary Sources\King Gates Shalmaneser.pdf,113,True,13.49,,2025-10-09T12:48:09.980259
G:\.shortcut-targets-by-id\1VhQSilnVXpZtOWwAtGF6_s1zhfBIlLWU\Secondary Sources\Text References\AfO Register  (1978-2004).pdf,395,True,0.72,,2025-10-09T12:48:10.704898
"G:\.shortcut-targets-by-id\1VhQSilnVXpZtOWwAtGF6_s1zhfBIlLWU\Secondary Sources\Larsen, M. T. - AKT 6a, 2010.pdf",184,True,1.45,,2025-10-09T12:48:12.151525
G:\.shortcut-targets-by-id\1VhQSilnVXpZtOWwAtGF6_s1zhfBIlLWU\Secondary Sources\Hoffner_HWRevs_BiOr_1978ff.PDF,9,True,26.99,,2025-10-09T12:48:39.147502
G:\.shortcut-targets-by-id\1VhQSilnVXpZtOWwAtGF6_s1zhfBIlLWU\Secondary Sources\kupper1973 (2).PDF,3,True,16.05,,2025-10-09T12:48:55.201933
G:\.shortcut-targets-by-id\1VhQSilnVXpZtOWwAtGF6_s1zhfBIlLWU\Secondary Sources\Radau BE 17 1.pdf,200,True,0.64,,2025-10-09T12:48:55.841051
"G:\.shortcut-targets-by-id\1VhQSilnVXpZtOWwAtGF6_s1zhfBIlLWU\Secondary Sources\CCT 2, 1924.pdf",11,True,13.32,,2025-10-09T12:49:09.165660
"G:\.shortcut-targets-by-id\1VhQSilnVXpZtOWwAtGF6_s1zhfBIlLWU\Secondary Sources\Orlin, Louis L. - Assyrian Colonies in Cappadocia (ACC). SAH 1, 1970(cut).pdf",94,True,9.95,,2025-10-09T12:49:19.112455
"G:\.shortcut-targets-by-id\1VhQSilnVXpZtOWwAtGF6_s1zhfBIlLWU\Secondary Sources\Sallaberger, W. et al eds - Third Millennium Cuneiform Texts from Tell Beydar (Seasons 1996-2002). Subartu 12, 2004.pdf",73,True,17.88,,2025-10-09T12:49:36.990528
"G:\.shortcut-targets-by-id\1VhQSilnVXpZtOWwAtGF6_s1zhfBIlLWU\Secondary Sources\Alp, Sedat - Zylinder- und Stempelsiegel aus Karahoyuk bei Konya. TTKY V 26, 1968.pdf",516,True,55.65,,2025-10-09T12:50:32.641918
"G:\.shortcut-targets-by-id\1VhQSilnVXpZtOWwAtGF6_s1zhfBIlLWU\Secondary Sources\Dercksen 2011 The beginning of the Old Assyrian year. NABU 2011 4, note 74.pdf",12,True,13.06,,2025-10-09T12:50:45.700369
"G:\.shortcut-targets-by-id\1VhQSilnVXpZtOWwAtGF6_s1zhfBIlLWU\Secondary Sources\AnSt 27, 1977.pdf",36,True,3.98,,2025-10-09T12:50:49.680859
"G:\.shortcut-targets-by-id\1VhQSilnVXpZtOWwAtGF6_s1zhfBIlLWU\Secondary Sources\Michel, Cecile ed. - Old Assyrian Studies in Memory of Paul Garelli. PIHANS 112, 2008.pdf",10,True,1.28,,2025-10-09T12:50:50.965079
G:\.shortcut-targets-by-id\1VhQSilnVXpZtOWwAtGF6_s1zhfBIlLWU\Secondary Sources\Goetze_1933_history.PDF,12,True,17.64,,2025-10-09T12:51:08.606542
G:\.shortcut-targets-by-id\1VhQSilnVXpZtOWwAtGF6_s1zhfBIlLWU\Secondary Sources\Hengstl_Rechtsgeschäfte_2008.pdf,4,True,17.60,,2025-10-09T12:51:26.207173
"G:\.shortcut-targets-by-id\1VhQSilnVXpZtOWwAtGF6_s1zhfBIlLWU\Secondary Sources\AnSt 7, 1957.pdf",54,True,0.61,,2025-10-09T12:51:26.813531
"G:\.shortcut-targets-by-id\1VhQSilnVXpZtOWwAtGF6_s1zhfBIlLWU\Secondary Sources\Imdi-ilum, 1981.pdf",186,True,20.15,,2025-10-09T12:51:46.962511
"G:\.shortcut-targets-by-id\1VhQSilnVXpZtOWwAtGF6_s1zhfBIlLWU\Secondary Sources\Anatolica 24, 1998.pdf",25,True,17.78,,2025-10-09T12:52:04.745569
"G:\.shortcut-targets-by-id\1VhQSilnVXpZtOWwAtGF6_s1zhfBIlLWU\Secondary Sources\Anastasio, Stefano - The Archaeology of Upper Mesopotamia. Subartu 1, 1995 (grey).pdf",62,True,29.34,,2025-10-09T12:52:34.090317
G:\.shortcut-targets-by-id\1VhQSilnVXpZtOWwAtGF6_s1zhfBIlLWU\Secondary Sources\Archi_Propaganda.pdf,2,True,16.12,,2025-10-09T12:52:50.214969
G:\.shortcut-targets-by-id\1VhQSilnVXpZtOWwAtGF6_s1zhfBIlLWU\Secondary Sources\KBo1-4.pdf,128,True,10.26,,2025-10-09T12:53:00.474479
G:\.shortcut-targets-by-id\1VhQSilnVXpZtOWwAtGF6_s1zhfBIlLWU\Secondary Sources\NABU (missing 1999 no.2) (2).pdf,194,True,13.48,,2025-10-09T12:53:13.957942
"G:\.shortcut-targets-by-id\1VhQSilnVXpZtOWwAtGF6_s1zhfBIlLWU\Secondary Sources\Anatolica 34, 2008.pdf",105,True,3.41,,2025-10-09T12:53:17.364943
G:\.shortcut-targets-by-id\1VhQSilnVXpZtOWwAtGF6_s1zhfBIlLWU\Secondary Sources\Larsen 2007 FS Adams - Individual and Society.PDF,6,True,14.24,,2025-10-09T12:53:31.601242
"G:\.shortcut-targets-by-id\1VhQSilnVXpZtOWwAtGF6_s1zhfBIlLWU\Secondary Sources\Barjamovic, Gojko - A Historical Geography of Ancient Anatolia in the Assyrian Colony Period. CNI 38, 2011.pdf",245,True,0.69,,2025-10-09T12:53:32.292551
G:\.shortcut-targets-by-id\1VhQSilnVXpZtOWwAtGF6_s1zhfBIlLWU\Secondary Sources\Krebernik_04_schultext.pdf,11,True,0.61,,2025-10-09T12:53:32.906855
"G:\.shortcut-targets-by-id\1VhQSilnVXpZtOWwAtGF6_s1zhfBIlLWU\Secondary Sources\Postgate, Nicholas - The Land of Assur & the Yoke of Assur (2008).pdf",23,True,1.22,,2025-10-09T12:53:34.127647
G:\.shortcut-targets-by-id\1VhQSilnVXpZtOWwAtGF6_s1zhfBIlLWU\Secondary Sources\Langdon PBS 10 4.pdf,21,True,0.45,,2025-10-09T12:53:34.580136
"G:\.shortcut-targets-by-id\1VhQSilnVXpZtOWwAtGF6_s1zhfBIlLWU\Secondary Sources\Barjamovic, G., Hertel, T. & M. Larsen - Ups and Downs. 2012 (preprint).pdf",112,True,3.34,,2025-10-09T12:53:37.925844
"G:\.shortcut-targets-by-id\1VhQSilnVXpZtOWwAtGF6_s1zhfBIlLWU\Secondary Sources\AnSt 22, 1972.pdf",213,True,10.23,,2025-10-09T12:53:48.155417
G:\.shortcut-targets-by-id\1VhQSilnVXpZtOWwAtGF6_s1zhfBIlLWU\Secondary Sources\Prag I - ICK 4.pdf,34,True,27.37,,2025-10-09T12:54:15.530568
"G:\.shortcut-targets-by-id\1VhQSilnVXpZtOWwAtGF6_s1zhfBIlLWU\Secondary Sources\Veenhof, Klaas R. - Aspects of Old Assyrian Trade and Terminology. SD 10, 1972.pdf",232,True,0.47,,2025-10-09T12:54:16.002456
"G:\.shortcut-targets-by-id\1VhQSilnVXpZtOWwAtGF6_s1zhfBIlLWU\Secondary Sources\GKT, 1968.pdf",90,True,0.59,,2025-10-09T12:54:16.597985
"G:\.shortcut-targets-by-id\1VhQSilnVXpZtOWwAtGF6_s1zhfBIlLWU\Secondary Sources\AnSt 44, 1994.pdf",197,True,2.12,,2025-10-09T12:54:18.714820
"G:\.shortcut-targets-by-id\1VhQSilnVXpZtOWwAtGF6_s1zhfBIlLWU\Secondary Sources\Klinkott, Kubisch, and Muller-Wollermann, eds - Geschenke und Steuern, Zolle und Tribute. CHANE 29, 2007.pdf",195,True,0.41,,2025-10-09T12:54:19.126856
"G:\.shortcut-targets-by-id\1VhQSilnVXpZtOWwAtGF6_s1zhfBIlLWU\Secondary Sources\ICK 4_Hecker, K., G. Kryszat & L. Matouš - Kappadokische Keilschrifttafeln aus den Sammlungen der Karlsuniversität Prag. ICK 4, 1998(cut).pdf",358,True,14.62,,2025-10-09T12:54:33.744892
"G:\.shortcut-targets-by-id\1VhQSilnVXpZtOWwAtGF6_s1zhfBIlLWU\Secondary Sources\Alp, Sedat - Zylinder- und Stempelsiegel aus Karahoyuk bei Konya. TTKY V 26, 1968.pdf",530,True,11.18,,2025-10-09T12:54:44.922573
"G:\.shortcut-targets-by-id\1VhQSilnVXpZtOWwAtGF6_s1zhfBIlLWU\Secondary Sources\BIN 4, 1927.pdf",114,True,11.72,,2025-10-09T12:54:56.639776
"G:\.shortcut-targets-by-id\1VhQSilnVXpZtOWwAtGF6_s1zhfBIlLWU\Secondary Sources\Anatolica 31, 2005.pdf",74,True,16.15,,2025-10-09T12:55:12.790568
"G:\.shortcut-targets-by-id\1VhQSilnVXpZtOWwAtGF6_s1zhfBIlLWU\Secondary Sources\Barjamovic, Gojko - A Historical Geography of Ancient Anatolia in the Assyrian Colony Period. CNI 38, 2011.pdf",395,True,0.70,,2025-10-09T12:55:13.490340
G:\.shortcut-targets-by-id\1VhQSilnVXpZtOWwAtGF6_s1zhfBIlLWU\Secondary Sources\vandenhout2003000.PDF,13,True,8.70,,2025-10-09T12:55:22.194283
G:\.shortcut-targets-by-id\1VhQSilnVXpZtOWwAtGF6_s1zhfBIlLWU\Secondary Sources\Cahit Günbattı'ya Armağan 2015.pdf,224,True,14.51,,2025-10-09T12:55:36.706752
G:\.shortcut-targets-by-id\1VhQSilnVXpZtOWwAtGF6_s1zhfBIlLWU\Secondary Sources\appleby_etal1994.PDF,5,True,13.96,,2025-10-09T12:55:50.673038
"G:\.shortcut-targets-by-id\1VhQSilnVXpZtOWwAtGF6_s1zhfBIlLWU\Secondary Sources\Veenhof, Klaas R. - The Relation between Royal Decrees and Law Codes of the Old Babylonian Period. JEOL 35-36, 1997-00 49-83.pdf",34,True,0.53,,2025-10-09T12:55:51.201652
G:\.shortcut-targets-by-id\1VhQSilnVXpZtOWwAtGF6_s1zhfBIlLWU\Secondary Sources\Text References\AfO Register\AfO Register  (1978-2004) (1).pdf,248,True,0.61,,2025-10-09T12:55:51.813256
"G:\.shortcut-targets-by-id\1VhQSilnVXpZtOWwAtGF6_s1zhfBIlLWU\Secondary Sources\Özgüç, Tashin - Kültepe-Kaniš. The Palaces and Temples of Kültepe-Kaniš. TTKY V 46, 1999(cut).pdf",100,True,12.47,,2025-10-09T12:56:04.280403
G:\.shortcut-targets-by-id\1VhQSilnVXpZtOWwAtGF6_s1zhfBIlLWU\Secondary Sources\KAH 2.pdf,32,True,6.65,,2025-10-09T12:56:10.932426
G:\.shortcut-targets-by-id\1VhQSilnVXpZtOWwAtGF6_s1zhfBIlLWU\Secondary Sources\Veenhof_1998a_CRRAI34_Chronology (3).pdf,1,True,11.04,,2025-10-09T12:56:21.972787
"G:\.shortcut-targets-by-id\1VhQSilnVXpZtOWwAtGF6_s1zhfBIlLWU\Secondary Sources\Walker, C. & M. Dick - The Induction of the Cult Image in Ancient Mesopotamia. The Mesopotamian Mis Pi Ritual. SAALT 1, 2001.pdf",116,True,2.26,,2025-10-09T12:56:24.234620
"G:\.shortcut-targets-by-id\1VhQSilnVXpZtOWwAtGF6_s1zhfBIlLWU\Secondary Sources\AnSt 28, 1978.pdf",48,True,3.25,,2025-10-09T12:56:27.489094
G:\.shortcut-targets-by-id\1VhQSilnVXpZtOWwAtGF6_s1zhfBIlLWU\Secondary Sources\freud1953.PDF,1,True,10.84,,2025-10-09T12:56:38.334055
G:\.shortcut-targets-by-id\1VhQSilnVXpZtOWwAtGF6_s1zhfBIlLWU\Secondary Sources\CAD (N-Z).pdf,3036,True,3.08,,2025-10-09T12:56:41.419139
G:\.shortcut-targets-by-id\1VhQSilnVXpZtOWwAtGF6_s1zhfBIlLWU\Secondary Sources\NABU (missing 1999 no.2) (1).pdf,1525,True,14.20,,2025-10-09T12:56:55.622276
G:\.shortcut-targets-by-id\1VhQSilnVXpZtOWwAtGF6_s1zhfBIlLWU\Secondary Sources\Schorr_Urkunden_Altbabylonischen_Zivil_und_Prozessrechts.pdf,491,True,9.20,,2025-10-09T12:57:04.822031
"G:\.shortcut-targets-by-id\1VhQSilnVXpZtOWwAtGF6_s1zhfBIlLWU\Secondary Sources\Anatolica 34, 2008.pdf",86,True,0.40,,2025-10-09T12:57:05.221439
G:\.shortcut-targets-by-id\1VhQSilnVXpZtOWwAtGF6_s1zhfBIlLWU\Secondary Sources\Kraus_1951_NippurandIsin.pdf,154,True,20.07,,2025-10-09T12:57:25.292484
G:\.shortcut-targets-by-id\1VhQSilnVXpZtOWwAtGF6_s1zhfBIlLWU\Secondary Sources\NABU 1987.1 - 4014.4.pdf,1649,True,0.78,,2025-10-09T12:57:26.070790
G:\.shortcut-targets-by-id\1VhQSilnVXpZtOWwAtGF6_s1zhfBIlLWU\Secondary Sources\Miller_1995_CKLR79_Jlaw.pdf,9,True,12.69,,2025-10-09T12:57:38.760456
G:\.shortcut-targets-by-id\1VhQSilnVXpZtOWwAtGF6_s1zhfBIlLWU\Secondary Sources\Hirsch_1966b_AfO21_2_gotte_der_vater.pdf,1,True,27.02,,2025-10-09T12:58:05.780174
"G:\.shortcut-targets-by-id\1VhQSilnVXpZtOWwAtGF6_s1zhfBIlLWU\Secondary Sources\Stephens, Ferris J. - Personal Names from Cuneiform Inscriptions of Cappadocia (PNC). YOSR 13.1, 1925(cut).pdf",19,True,7.87,,2025-10-09T12:58:13.655466
"G:\.shortcut-targets-by-id\1VhQSilnVXpZtOWwAtGF6_s1zhfBIlLWU\Secondary Sources\Stein, Gil - Hacinebi.pdf",38,True,11.98,,2025-10-09T12:58:25.638570
G:\.shortcut-targets-by-id\1VhQSilnVXpZtOWwAtGF6_s1zhfBIlLWU\Secondary Sources\Text References\AfO Register\afo_realien.pdf,2609,True,0.92,,2025-10-09T12:58:26.554963
G:\.shortcut-targets-by-id\1VhQSilnVXpZtOWwAtGF6_s1zhfBIlLWU\Secondary Sources\KBo 5-6.pdf,70,True,18.12,,2025-10-09T12:58:44.674858
G:\.shortcut-targets-by-id\1VhQSilnVXpZtOWwAtGF6_s1zhfBIlLWU\Secondary Sources\Text References\AfO Register\afo_realien.pdf,2438,True,0.54,,2025-10-09T12:58:45.218862
"G:\.shortcut-targets-by-id\1VhQSilnVXpZtOWwAtGF6_s1zhfBIlLWU\Secondary Sources\Matous, Lubor - Kappadokische Keilschrifttafeln mit Siegeln (KKS). ICK 3, 1984(cut).pdf",104,True,12.29,,2025-10-09T12:58:57.505243
"G:\.shortcut-targets-by-id\1VhQSilnVXpZtOWwAtGF6_s1zhfBIlLWU\Secondary Sources\ICK 2, 1962.pdf",97,True,11.47,,2025-10-09T12:59:08.980231
"G:\.shortcut-targets-by-id\1VhQSilnVXpZtOWwAtGF6_s1zhfBIlLWU\Secondary Sources\Teissier - Sealings, 1994.pdf",9,True,17.80,,2025-10-09T12:59:26.784375
G:\.shortcut-targets-by-id\1VhQSilnVXpZtOWwAtGF6_s1zhfBIlLWU\Secondary Sources\NABU (missing 1999 no.2) (2).pdf,1812,True,14.27,,2025-10-09T12:59:41.050683
G:\.shortcut-targets-by-id\1VhQSilnVXpZtOWwAtGF6_s1zhfBIlLWU\Secondary Sources\Vincentediss.pdf,332,True,11.22,,2025-10-09T12:59:52.273644
G:\.shortcut-targets-by-id\1VhQSilnVXpZtOWwAtGF6_s1zhfBIlLWU\Secondary Sources\Veenhof_1994a_JEOL33_schoneveld_collection.pdf,2,True,17.82,,2025-10-09T13:00:10.094523
G:\.shortcut-targets-by-id\1VhQSilnVXpZtOWwAtGF6_s1zhfBIlLWU\Secondary Sources\Undheimdiss.pdf,289,True,12.10,,2025-10-09T13:00:22.199003
G:\.shortcut-targets-by-id\1VhQSilnVXpZtOWwAtGF6_s1zhfBIlLWU\Secondary Sources\AKT 7a.pdf,282,True,1.04,,2025-10-09T13:00:23.243628
G:\.shortcut-targets-by-id\1VhQSilnVXpZtOWwAtGF6_s1zhfBIlLWU\Secondary Sources\KUB 11.pdf,19,True,14.32,,2025-10-09T13:00:37.569003
"G:\.shortcut-targets-by-id\1VhQSilnVXpZtOWwAtGF6_s1zhfBIlLWU\Secondary Sources\RGTC-12_1, 1993 - Bonechi, Marco - I nomi geografici dei testi di Ebla.pdf",443,True,10.46,,2025-10-09T13:00:48.032460
G:\.shortcut-targets-by-id\1VhQSilnVXpZtOWwAtGF6_s1zhfBIlLWU\Secondary Sources\CAD (N-Z).pdf,3118,True,1.64,,2025-10-09T13:00:49.670202
"G:\.shortcut-targets-by-id\1VhQSilnVXpZtOWwAtGF6_s1zhfBIlLWU\Secondary Sources\AnSt 51, 2001.pdf",33,True,0.96,,2025-10-09T13:00:50.634309
G:\.shortcut-targets-by-id\1VhQSilnVXpZtOWwAtGF6_s1zhfBIlLWU\Secondary Sources\CAD (N-Z).pdf,4679,True,1.18,,2025-10-09T13:00:51.819802
G:\.shortcut-targets-by-id\1VhQSilnVXpZtOWwAtGF6_s1zhfBIlLWU\Secondary Sources\KBo 53.pdf,55,True,15.63,,2025-10-09T13:01:07.453395
G:\.shortcut-targets-by-id\1VhQSilnVXpZtOWwAtGF6_s1zhfBIlLWU\Secondary Sources\Kt c-k (Dercksen).pdf,157,True,0.41,,2025-10-09T13:01:07.864212
G:\.shortcut-targets-by-id\1VhQSilnVXpZtOWwAtGF6_s1zhfBIlLWU\Secondary Sources\NABU 1987.1 - 4014.4.pdf,919,True,0.70,,2025-10-09T13:01:08.566746
G:\.shortcut-targets-by-id\1VhQSilnVXpZtOWwAtGF6_s1zhfBIlLWU\Secondary Sources\Melchert_gsimparati.pdf,8,True,11.40,,2025-10-09T13:01:19.965142
"G:\.shortcut-targets-by-id\1VhQSilnVXpZtOWwAtGF6_s1zhfBIlLWU\Secondary Sources\Kryszeń, Adam - A Historical Geography of the Hittite Heartland, 2016.pdf",185,True,15.79,,2025-10-09T13:01:35.761097
G:\.shortcut-targets-by-id\1VhQSilnVXpZtOWwAtGF6_s1zhfBIlLWU\Secondary Sources\CAD (N-Z).pdf,2094,True,2.39,,2025-10-09T13:01:38.154091
"G:\.shortcut-targets-by-id\1VhQSilnVXpZtOWwAtGF6_s1zhfBIlLWU\Secondary Sources\Özgüç, Tashın - Kültepe-Kanış II. New Researches at the Trading Center of the Ancient Near East. TTKY V 41, 1986.pdf",306,True,11.19,,2025-10-09T13:01:49.345926
G:\.shortcut-targets-by-id\1VhQSilnVXpZtOWwAtGF6_s1zhfBIlLWU\Secondary Sources\Gökcek_2004_ArAn 7-1_Asur ticaret.pdf,9,True,16.66,,2025-10-09T13:02:06.011141
G:\.shortcut-targets-by-id\1VhQSilnVXpZtOWwAtGF6_s1zhfBIlLWU\Secondary Sources\King Gates Shalmaneser.pdf,3,True,0.36,,2025-10-09T13:02:06.373663
"G:\.shortcut-targets-by-id\1VhQSilnVXpZtOWwAtGF6_s1zhfBIlLWU\Secondary Sources\Text References\Keilschriftbibliographie (1)\Or NS 76, 2007, pp. 1-122 - Keilschriftbibliographie.65.PDF",62,True,12.51,,2025-10-09T13:02:18.885524
"G:\.shortcut-targets-by-id\1VhQSilnVXpZtOWwAtGF6_s1zhfBIlLWU\Secondary Sources\Dercksen, J. G - Review of The Ancient Near East. Historical Sources in Translation. BiOr 64, 2007 320-325.pdf",2,True,1.16,,2025-10-09T13:02:20.042808
"G:\.shortcut-targets-by-id\1VhQSilnVXpZtOWwAtGF6_s1zhfBIlLWU\Secondary Sources\AnSt 14, 1964.pdf",65,True,0.74,,2025-10-09T13:02:20.781349
"G:\.shortcut-targets-by-id\1VhQSilnVXpZtOWwAtGF6_s1zhfBIlLWU\Secondary Sources\Ulshofer, Andrea M. - Die Assyrischen Privaturkunden. FAOS 4, 1995.pdf",285,True,1.40,,2025-10-09T13:02:22.178388
"G:\.shortcut-targets-by-id\1VhQSilnVXpZtOWwAtGF6_s1zhfBIlLWU\Secondary Sources\AnSt 50, 2000.pdf",117,True,7.64,,2025-10-09T13:02:29.814974
"G:\.shortcut-targets-by-id\1VhQSilnVXpZtOWwAtGF6_s1zhfBIlLWU\Secondary Sources\Özgüç, Nımet - Kültepe Kanıš, Neša. Seal Impressions on the Clay Envelopes. TTKY V 50, 2006 (big).pdf",538,True,11.14,,2025-10-09T13:02:40.955825
G:\.shortcut-targets-by-id\1VhQSilnVXpZtOWwAtGF6_s1zhfBIlLWU\Secondary Sources\AKT 6b.pdf,131,True,12.05,,2025-10-09T13:02:53.007955
"G:\.shortcut-targets-by-id\1VhQSilnVXpZtOWwAtGF6_s1zhfBIlLWU\Secondary Sources\Michel, Cécile - Innāya dans les Tablettes Paléo-Assyriennes I, Analyse. ERC 1, 1991.pdf",32,True,10.61,,2025-10-09T13:03:03.619071
"G:\.shortcut-targets-by-id\1VhQSilnVXpZtOWwAtGF6_s1zhfBIlLWU\Secondary Sources\Barjamovic, Gojko - A Historical Geography of Anatolia in the Old Assyrian Colony Period. CNIP 38, 2011.pdf",176,True,1.66,,2025-10-09T13:03:05.275822
G:\.shortcut-targets-by-id\1VhQSilnVXpZtOWwAtGF6_s1zhfBIlLWU\Secondary Sources\KUB 10.pdf,1,True,12.38,,2025-10-09T13:03:17.652275
"G:\.shortcut-targets-by-id\1VhQSilnVXpZtOWwAtGF6_s1zhfBIlLWU\Secondary Sources\Lewy, Julius - Die Kültepetexte aus der Sammlung Frida Hahn, Berlin (KTH). 1930.pdf",72,True,1.31,,2025-10-09T13:03:18.964136
G:\.shortcut-targets-by-id\1VhQSilnVXpZtOWwAtGF6_s1zhfBIlLWU\Secondary Sources\Veenhof_1993_OsgucNFS_bullae.pdf,13,True,12.95,,2025-10-09T13:03:31.914334
G:\.shortcut-targets-by-id\1VhQSilnVXpZtOWwAtGF6_s1zhfBIlLWU\Secondary Sources\Rawlinson_InscrWestAsia_v3.PDF,27,True,16.01,,2025-10-09T13:03:47.930096
"G:\.shortcut-targets-by-id\1VhQSilnVXpZtOWwAtGF6_s1zhfBIlLWU\Secondary Sources\AnSt 17, 1967 (1).pdf",112,True,4.67,,2025-10-09T13:03:52.602338
"G:\.shortcut-targets-by-id\1VhQSilnVXpZtOWwAtGF6_s1zhfBIlLWU\Secondary Sources\EL 1, 1930.pdf",328,True,0.40,,2025-10-09T13:03:53.004164
G:\.shortcut-targets-by-id\1VhQSilnVXpZtOWwAtGF6_s1zhfBIlLWU\Secondary Sources\Schorr_Urkunden_Altbabylonischen_Zivil_und_Prozessrechts.pdf,303,True,9.01,,2025-10-09T13:04:02.014821
"G:\.shortcut-targets-by-id\1VhQSilnVXpZtOWwAtGF6_s1zhfBIlLWU\Secondary Sources\Walker, C. & M. Dick - The Induction of the Cult Image in Ancient Mesopotamia. The Mesopotamian Mis Pi Ritual. SAALT 1, 2001.pdf",193,True,0.54,,2025-10-09T13:04:02.556126
"G:\.shortcut-targets-by-id\1VhQSilnVXpZtOWwAtGF6_s1zhfBIlLWU\Secondary Sources\Porter, Barbara A. - Old Syrian Popular Style Cylinder Seals. Diss Columbia 2001.pdf",914,True,11.24,,2025-10-09T13:04:13.797256
"G:\.shortcut-targets-by-id\1VhQSilnVXpZtOWwAtGF6_s1zhfBIlLWU\Secondary Sources\Nashef, Khaled - Rekonstruktion der Reiserouten zur Zeit der altassyrischen Handelsniederlassungen. TAVO Beih. B 83, 1987(cut).pdf",72,True,3.69,,2025-10-09T13:04:17.492173
G:\.shortcut-targets-by-id\1VhQSilnVXpZtOWwAtGF6_s1zhfBIlLWU\Secondary Sources\zadok1998.PDF,2,True,12.69,,2025-10-09T13:04:30.182613
G:\.shortcut-targets-by-id\1VhQSilnVXpZtOWwAtGF6_s1zhfBIlLWU\Secondary Sources\King 7 Tablets of Creation v1.pdf,174,True,3.65,,2025-10-09T13:04:33.831732
G:\.shortcut-targets-by-id\1VhQSilnVXpZtOWwAtGF6_s1zhfBIlLWU\Secondary Sources\RGTC 6-2 Heth.pdf,115,True,11.13,,2025-10-09T13:04:44.966199
G:\.shortcut-targets-by-id\1VhQSilnVXpZtOWwAtGF6_s1zhfBIlLWU\Secondary Sources\PRU 3 text.pdf,16,True,11.71,,2025-10-09T13:04:56.677338
G:\.shortcut-targets-by-id\1VhQSilnVXpZtOWwAtGF6_s1zhfBIlLWU\Secondary Sources\Rosen_1977_Studies in Old Assyrian Loan Contracts.pdf,127,True,0.44,,2025-10-09T13:04:57.116883
G:\.shortcut-targets-by-id\1VhQSilnVXpZtOWwAtGF6_s1zhfBIlLWU\Secondary Sources\pardee1975a.PDF,6,True,16.63,,2025-10-09T13:05:13.743232
"G:\.shortcut-targets-by-id\1VhQSilnVXpZtOWwAtGF6_s1zhfBIlLWU\Secondary Sources\Dercksen, J. G. ed. - Assyria and Beyond, Studies Presented to Mogens Trolle Larsen, FS Larsen. PIHANS 100, 2004 (2).pdf",152,True,9.67,,2025-10-09T13:05:23.412214
G:\.shortcut-targets-by-id\1VhQSilnVXpZtOWwAtGF6_s1zhfBIlLWU\Secondary Sources\Giacumakis Akkadian of Alalakh Glossary.pdf,7,True,20.59,,2025-10-09T13:05:44.003264
"G:\.shortcut-targets-by-id\1VhQSilnVXpZtOWwAtGF6_s1zhfBIlLWU\Secondary Sources\Dercksen, J. G. - Old Assyrian Institutions (OAI). MOS 4. PIHANS 98, 2004.pdf",326,True,5.15,,2025-10-09T13:05:49.155526
G:\.shortcut-targets-by-id\1VhQSilnVXpZtOWwAtGF6_s1zhfBIlLWU\Secondary Sources\Larsen 1977a_Iraq39_partnerships.pdf,9,True,20.07,,2025-10-09T13:06:09.227377
"G:\.shortcut-targets-by-id\1VhQSilnVXpZtOWwAtGF6_s1zhfBIlLWU\Secondary Sources\Barjamovic, Gojko - A Historical Geography of Anatolia in the Old Assyrian Colony Period. CNIP 38, 2011.pdf",530,True,0.40,,2025-10-09T13:06:09.632045
"G:\.shortcut-targets-by-id\1VhQSilnVXpZtOWwAtGF6_s1zhfBIlLWU\Secondary Sources\Barjamovic, Gojko - A Historical Geography of Ancient Anatolia in the Assyrian Colony Period. CNI 38, 2011.pdf",316,True,0.45,,2025-10-09T13:06:10.083634
"G:\.shortcut-targets-by-id\1VhQSilnVXpZtOWwAtGF6_s1zhfBIlLWU\Secondary Sources\Anatolica 34, 2008.pdf",63,True,0.07,,2025-10-09T13:06:10.155727
G:\.shortcut-targets-by-id\1VhQSilnVXpZtOWwAtGF6_s1zhfBIlLWU\Secondary Sources\Driver_1933_AnOr6_Cappadocian Texts at Oxford (2).PDF,9,True,12.34,,2025-10-09T13:06:22.492248
G:\.shortcut-targets-by-id\1VhQSilnVXpZtOWwAtGF6_s1zhfBIlLWU\Secondary Sources\Text References\AfO Register  (1978-2004).pdf,364,True,1.41,,2025-10-09T13:06:23.901685
"G:\.shortcut-targets-by-id\1VhQSilnVXpZtOWwAtGF6_s1zhfBIlLWU\Secondary Sources\Lewy, J. & K. Hecker - Die Keilschrifttexte der Universitätsbibliothek Giessen. BAUG 9, Diss Giessen 1966.pdf",107,True,3.98,,2025-10-09T13:06:27.881280
"G:\.shortcut-targets-by-id\1VhQSilnVXpZtOWwAtGF6_s1zhfBIlLWU\Secondary Sources\EL 1, 1930.pdf",251,True,0.44,,2025-10-09T13:06:28.319204
"G:\.shortcut-targets-by-id\1VhQSilnVXpZtOWwAtGF6_s1zhfBIlLWU\Secondary Sources\PNC (YOS 13.1), 1928.pdf",26,True,16.69,,2025-10-09T13:06:45.006630
G:\.shortcut-targets-by-id\1VhQSilnVXpZtOWwAtGF6_s1zhfBIlLWU\Secondary Sources\CAD (A-N).pdf,1697,True,3.57,,2025-10-09T13:06:48.581615
"G:\.shortcut-targets-by-id\1VhQSilnVXpZtOWwAtGF6_s1zhfBIlLWU\Secondary Sources\EL 2, 1935.pdf",213,True,3.34,,2025-10-09T13:06:51.927342
"G:\.shortcut-targets-by-id\1VhQSilnVXpZtOWwAtGF6_s1zhfBIlLWU\Secondary Sources\Özgüç, Nımet - Kültepe-Kanıš, Neša. Seal Impressions on the Clay Envelopes. TTKY V 50, 2006.pdf",49,True,11.47,,2025-10-09T13:07:03.399481
"G:\.shortcut-targets-by-id\1VhQSilnVXpZtOWwAtGF6_s1zhfBIlLWU\Secondary Sources\AnSt 31, 1981.pdf",186,True,5.50,,2025-10-09T13:07:08.900846
"G:\.shortcut-targets-by-id\1VhQSilnVXpZtOWwAtGF6_s1zhfBIlLWU\Secondary Sources\TCL 4, 1919.pdf",58,True,9.94,,2025-10-09T13:07:18.837174
